-- MySQL dump 10.13  Distrib 5.6.25, for osx10.10 (x86_64)
--
-- Host: localhost    Database: auto_development
-- ------------------------------------------------------
-- Server version	5.6.25

/*!40101 SET @OLD_CHARACTER_SET_CLIENT=@@CHARACTER_SET_CLIENT */;
/*!40101 SET @OLD_CHARACTER_SET_RESULTS=@@CHARACTER_SET_RESULTS */;
/*!40101 SET @OLD_COLLATION_CONNECTION=@@COLLATION_CONNECTION */;
/*!40101 SET NAMES utf8 */;
/*!40103 SET @OLD_TIME_ZONE=@@TIME_ZONE */;
/*!40103 SET TIME_ZONE='+00:00' */;
/*!40014 SET @OLD_UNIQUE_CHECKS=@@UNIQUE_CHECKS, UNIQUE_CHECKS=0 */;
/*!40014 SET @OLD_FOREIGN_KEY_CHECKS=@@FOREIGN_KEY_CHECKS, FOREIGN_KEY_CHECKS=0 */;
/*!40101 SET @OLD_SQL_MODE=@@SQL_MODE, SQL_MODE='NO_AUTO_VALUE_ON_ZERO' */;
/*!40111 SET @OLD_SQL_NOTES=@@SQL_NOTES, SQL_NOTES=0 */;

--
-- Table structure for table `adv_pro_rels`
--

DROP TABLE IF EXISTS `adv_pro_rels`;
/*!40101 SET @saved_cs_client     = @@character_set_client */;
/*!40101 SET character_set_client = utf8 */;
CREATE TABLE `adv_pro_rels` (
  `id` int(11) NOT NULL AUTO_INCREMENT,
  `advert_id` int(11) DEFAULT NULL,
  `prop_val_id` int(11) DEFAULT NULL,
  `created_at` datetime NOT NULL,
  `updated_at` datetime NOT NULL,
  `values` varchar(255) COLLATE utf8_unicode_ci DEFAULT NULL,
  PRIMARY KEY (`id`)
) ENGINE=InnoDB AUTO_INCREMENT=803 DEFAULT CHARSET=utf8 COLLATE=utf8_unicode_ci;
/*!40101 SET character_set_client = @saved_cs_client */;

--
-- Dumping data for table `adv_pro_rels`
--

LOCK TABLES `adv_pro_rels` WRITE;
/*!40000 ALTER TABLE `adv_pro_rels` DISABLE KEYS */;
INSERT INTO `adv_pro_rels` VALUES (1,NULL,57,'2015-10-05 02:37:33','2015-10-05 02:37:33',NULL),(2,NULL,55,'2015-10-05 02:37:33','2015-10-05 02:37:33',NULL),(3,NULL,63,'2015-10-05 02:37:33','2015-10-05 02:37:33',NULL),(4,NULL,57,'2015-10-05 02:37:43','2015-10-05 02:37:43',NULL),(5,NULL,55,'2015-10-05 02:37:43','2015-10-05 02:37:43',NULL),(6,NULL,63,'2015-10-05 02:37:43','2015-10-05 02:37:43',NULL),(7,NULL,57,'2015-10-05 02:37:54','2015-10-05 02:37:54',NULL),(8,NULL,55,'2015-10-05 02:37:54','2015-10-05 02:37:54',NULL),(9,NULL,63,'2015-10-05 02:37:54','2015-10-05 02:37:54',NULL),(10,NULL,57,'2015-10-05 02:41:20','2015-10-05 02:41:20',NULL),(11,NULL,55,'2015-10-05 02:41:20','2015-10-05 02:41:20',NULL),(12,NULL,63,'2015-10-05 02:41:20','2015-10-05 02:41:20',NULL),(13,NULL,57,'2015-10-05 02:41:31','2015-10-05 02:41:31',NULL),(14,NULL,55,'2015-10-05 02:41:31','2015-10-05 02:41:31',NULL),(15,NULL,63,'2015-10-05 02:41:31','2015-10-05 02:41:31',NULL),(16,NULL,57,'2015-10-05 02:44:43','2015-10-05 02:44:43',NULL),(17,NULL,55,'2015-10-05 02:44:43','2015-10-05 02:44:43',NULL),(18,NULL,63,'2015-10-05 02:44:43','2015-10-05 02:44:43',NULL),(19,NULL,57,'2015-10-05 02:46:53','2015-10-05 02:46:53',NULL),(20,NULL,55,'2015-10-05 02:46:53','2015-10-05 02:46:53',NULL),(21,NULL,63,'2015-10-05 02:46:53','2015-10-05 02:46:53',NULL),(22,11,57,'2015-10-05 02:46:53','2015-10-05 02:46:53',NULL),(23,11,55,'2015-10-05 02:46:53','2015-10-05 02:46:53',NULL),(24,11,63,'2015-10-05 02:46:53','2015-10-05 02:46:53',NULL),(25,NULL,57,'2015-10-05 02:47:41','2015-10-05 02:47:41',NULL),(26,NULL,55,'2015-10-05 02:47:41','2015-10-05 02:47:41',NULL),(27,NULL,63,'2015-10-05 02:47:41','2015-10-05 02:47:41',NULL),(28,12,57,'2015-10-05 02:47:41','2015-10-05 02:47:41',NULL),(29,12,55,'2015-10-05 02:47:41','2015-10-05 02:47:41',NULL),(30,12,63,'2015-10-05 02:47:41','2015-10-05 02:47:41',NULL),(31,13,57,'2015-10-05 02:49:07','2015-10-05 02:49:07',NULL),(32,13,55,'2015-10-05 02:49:07','2015-10-05 02:49:07',NULL),(33,13,63,'2015-10-05 02:49:07','2015-10-05 02:49:07',NULL),(34,14,57,'2015-10-05 02:49:12','2015-10-05 02:49:12',NULL),(35,14,55,'2015-10-05 02:49:12','2015-10-05 02:49:12',NULL),(36,14,63,'2015-10-05 02:49:12','2015-10-05 02:49:12',NULL),(37,15,57,'2015-10-05 02:49:26','2015-10-05 02:49:26',NULL),(38,15,55,'2015-10-05 02:49:26','2015-10-05 02:49:26',NULL),(39,15,60,'2015-10-05 02:49:26','2015-10-05 02:49:26',NULL),(40,16,0,'2015-10-05 18:32:25','2015-10-05 18:32:25',NULL),(41,16,57,'2015-10-05 18:32:25','2015-10-05 18:32:25',NULL),(42,16,63,'2015-10-05 18:32:25','2015-10-05 18:32:25',NULL),(43,17,0,'2015-10-05 21:21:39','2015-10-05 21:21:39',NULL),(44,17,57,'2015-10-05 21:21:39','2015-10-05 21:21:39',NULL),(45,17,60,'2015-10-05 21:21:39','2015-10-05 21:21:39',NULL),(46,18,0,'2015-10-05 21:22:09','2015-10-05 21:22:09',NULL),(47,18,58,'2015-10-05 21:22:09','2015-10-05 21:22:09',NULL),(48,18,60,'2015-10-05 21:22:09','2015-10-05 21:22:09',NULL),(49,19,76,'2015-10-05 21:29:38','2015-10-05 21:29:38',NULL),(50,19,76,'2015-10-05 21:29:38','2015-10-05 21:29:38',NULL),(51,20,76,'2015-10-05 21:29:47','2015-10-05 21:29:47',NULL),(52,20,76,'2015-10-05 21:29:47','2015-10-05 21:29:47',NULL),(53,21,78,'2015-10-05 21:30:40','2015-10-05 21:30:40',NULL),(54,21,78,'2015-10-05 21:30:40','2015-10-05 21:30:40',NULL),(55,21,59,'2015-10-05 21:30:40','2015-10-05 21:30:40',NULL),(56,22,61,'2015-10-07 10:23:20','2015-10-07 10:23:20',NULL),(57,23,63,'2015-10-07 10:33:17','2015-10-07 10:33:17',NULL),(58,24,59,'2015-10-07 10:43:18','2015-10-07 10:43:18',NULL),(59,25,57,'2015-10-07 10:47:43','2015-10-07 10:47:43',NULL),(60,26,57,'2015-10-07 10:51:59','2015-10-07 10:51:59',NULL),(61,26,65,'2015-10-07 10:51:59','2015-10-07 10:51:59',NULL),(62,27,78,'2015-10-07 16:45:06','2015-10-07 16:45:06',NULL),(63,27,78,'2015-10-07 16:45:06','2015-10-07 16:45:06',NULL),(64,27,84,'2015-10-07 16:45:06','2015-10-07 16:45:06',NULL),(65,27,57,'2015-10-07 16:45:06','2015-10-07 16:45:06',NULL),(66,27,56,'2015-10-07 16:45:06','2015-10-07 16:45:06',NULL),(67,27,59,'2015-10-07 16:45:06','2015-10-07 16:45:06',NULL),(68,28,76,'2015-10-07 16:54:22','2015-10-07 16:54:22',NULL),(69,28,76,'2015-10-07 16:54:22','2015-10-07 16:54:22',NULL),(70,28,84,'2015-10-07 16:54:22','2015-10-07 16:54:22',NULL),(71,28,57,'2015-10-07 16:54:22','2015-10-07 16:54:22',NULL),(72,28,59,'2015-10-07 16:54:22','2015-10-07 16:54:22',NULL),(73,29,77,'2015-10-07 17:36:46','2015-10-07 17:36:46',NULL),(74,29,77,'2015-10-07 17:36:46','2015-10-07 17:36:46',NULL),(75,29,84,'2015-10-07 17:36:46','2015-10-07 17:36:46',NULL),(76,29,57,'2015-10-07 17:36:46','2015-10-07 17:36:46',NULL),(77,29,59,'2015-10-07 17:36:46','2015-10-07 17:36:46',NULL),(78,30,78,'2015-10-07 18:20:06','2015-10-07 18:20:06',NULL),(79,30,78,'2015-10-07 18:20:06','2015-10-07 18:20:06',NULL),(80,30,84,'2015-10-07 18:20:06','2015-10-07 18:20:06',NULL),(81,30,57,'2015-10-07 18:20:06','2015-10-07 18:20:06',NULL),(82,30,54,'2015-10-07 18:20:06','2015-10-07 18:20:06',NULL),(83,30,59,'2015-10-07 18:20:06','2015-10-07 18:20:06',NULL),(84,31,78,'2015-10-07 18:20:18','2015-10-07 18:20:18',NULL),(85,31,78,'2015-10-07 18:20:18','2015-10-07 18:20:18',NULL),(86,31,57,'2015-10-07 18:20:18','2015-10-07 18:20:18',NULL),(87,31,59,'2015-10-07 18:20:18','2015-10-07 18:20:18',NULL),(88,32,76,'2015-10-07 19:14:41','2015-10-07 19:14:41',NULL),(89,32,76,'2015-10-07 19:14:41','2015-10-07 19:14:41',NULL),(90,32,84,'2015-10-07 19:14:41','2015-10-07 19:14:41',NULL),(91,33,77,'2015-10-07 19:16:39','2015-10-07 19:16:39',NULL),(92,33,77,'2015-10-07 19:16:39','2015-10-07 19:16:39',NULL),(93,33,84,'2015-10-07 19:16:39','2015-10-07 19:16:39',NULL),(94,33,57,'2015-10-07 19:16:39','2015-10-07 19:16:39',NULL),(95,33,59,'2015-10-07 19:16:39','2015-10-07 19:16:39',NULL),(96,34,79,'2015-10-12 17:05:39','2015-10-12 17:05:39',NULL),(97,34,79,'2015-10-12 17:05:39','2015-10-12 17:05:39',NULL),(98,34,57,'2015-10-12 17:05:39','2015-10-12 17:05:39',NULL),(99,34,62,'2015-10-12 17:05:39','2015-10-12 17:05:39',NULL),(100,35,76,'2015-10-12 17:09:20','2015-10-12 17:09:20',NULL),(101,35,76,'2015-10-12 17:09:20','2015-10-12 17:09:20',NULL),(102,36,79,'2015-10-12 17:13:34','2015-10-12 17:13:34',NULL),(103,36,79,'2015-10-12 17:13:34','2015-10-12 17:13:34',NULL),(104,36,65,'2015-10-12 17:13:34','2015-10-12 17:13:34',NULL),(105,37,76,'2015-10-12 17:15:57','2015-10-12 17:15:57',NULL),(106,37,76,'2015-10-12 17:15:57','2015-10-12 17:15:57',NULL),(107,37,57,'2015-10-12 17:15:57','2015-10-12 17:15:57',NULL),(108,37,61,'2015-10-12 17:15:57','2015-10-12 17:15:57',NULL),(109,38,76,'2015-10-12 17:17:30','2015-10-12 17:17:30',NULL),(110,38,76,'2015-10-12 17:17:31','2015-10-12 17:17:31',NULL),(111,38,57,'2015-10-12 17:17:31','2015-10-12 17:17:31',NULL),(112,38,59,'2015-10-12 17:17:31','2015-10-12 17:17:31',NULL),(113,39,76,'2015-10-12 17:42:50','2015-10-12 17:42:50',NULL),(114,39,76,'2015-10-12 17:42:50','2015-10-12 17:42:50',NULL),(115,39,57,'2015-10-12 17:42:50','2015-10-12 17:42:50',NULL),(116,39,54,'2015-10-12 17:42:50','2015-10-12 17:42:50',NULL),(117,39,59,'2015-10-12 17:42:50','2015-10-12 17:42:50',NULL),(118,40,78,'2015-10-12 18:05:10','2015-10-12 18:05:10',NULL),(119,40,78,'2015-10-12 18:05:10','2015-10-12 18:05:10',NULL),(120,40,57,'2015-10-12 18:05:10','2015-10-12 18:05:10',NULL),(121,40,65,'2015-10-12 18:05:10','2015-10-12 18:05:10',NULL),(122,41,79,'2015-10-12 18:33:38','2015-10-12 18:33:38',NULL),(123,41,79,'2015-10-12 18:33:38','2015-10-12 18:33:38',NULL),(124,41,57,'2015-10-12 18:33:38','2015-10-12 18:33:38',NULL),(125,41,59,'2015-10-12 18:33:38','2015-10-12 18:33:38',NULL),(126,42,77,'2015-10-12 18:45:07','2015-10-12 18:45:07',NULL),(127,42,77,'2015-10-12 18:45:07','2015-10-12 18:45:07',NULL),(128,42,57,'2015-10-12 18:45:07','2015-10-12 18:45:07',NULL),(129,42,61,'2015-10-12 18:45:07','2015-10-12 18:45:07',NULL),(130,1,79,'2015-10-13 10:33:20','2015-10-13 10:33:20',NULL),(131,1,79,'2015-10-13 10:33:20','2015-10-13 10:33:20',NULL),(132,1,57,'2015-10-13 10:33:20','2015-10-13 10:33:20',NULL),(133,1,59,'2015-10-13 10:33:20','2015-10-13 10:33:20',NULL),(134,2,126,'2015-10-13 16:48:45','2015-10-13 16:48:45',NULL),(135,2,126,'2015-10-13 16:48:45','2015-10-13 16:48:45',NULL),(136,2,101,'2015-10-13 16:48:45','2015-10-13 16:48:45',NULL),(137,2,99,'2015-10-13 16:48:45','2015-10-13 16:48:45',NULL),(138,3,125,'2015-10-13 20:31:02','2015-10-13 20:31:02',NULL),(139,3,125,'2015-10-13 20:31:02','2015-10-13 20:31:02',NULL),(140,3,101,'2015-10-13 20:31:02','2015-10-13 20:31:02',NULL),(141,4,126,'2015-10-13 20:33:01','2015-10-13 20:33:01',NULL),(142,4,126,'2015-10-13 20:33:01','2015-10-13 20:33:01',NULL),(143,4,101,'2015-10-13 20:33:01','2015-10-13 20:33:01',NULL),(144,5,125,'2015-10-13 20:34:40','2015-10-13 20:34:40',NULL),(145,5,125,'2015-10-13 20:34:40','2015-10-13 20:34:40',NULL),(146,5,102,'2015-10-13 20:34:40','2015-10-13 20:34:40',NULL),(147,6,127,'2015-10-13 20:36:46','2015-10-13 20:36:46',NULL),(148,6,127,'2015-10-13 20:36:46','2015-10-13 20:36:46',NULL),(149,6,103,'2015-10-13 20:36:46','2015-10-13 20:36:46',NULL),(150,7,159,'2015-10-13 20:40:43','2015-10-13 20:40:43',NULL),(151,7,159,'2015-10-13 20:40:43','2015-10-13 20:40:43',NULL),(152,8,157,'2015-10-14 18:10:05','2015-10-14 18:10:05',NULL),(153,9,157,'2015-10-14 18:10:33','2015-10-14 18:10:33',NULL),(154,9,116,'2015-10-14 18:10:33','2015-10-14 18:10:33',NULL),(155,9,109,'2015-10-14 18:10:33','2015-10-14 18:10:33',NULL),(156,9,2015,'2015-10-14 18:10:33','2015-10-14 18:10:33',NULL),(157,9,99,'2015-10-14 18:10:33','2015-10-14 18:10:33',NULL),(158,10,156,'2015-10-14 19:57:49','2015-10-14 19:57:49',NULL),(159,10,118,'2015-10-14 19:57:49','2015-10-14 19:57:49',NULL),(160,10,103,'2015-10-14 19:57:49','2015-10-14 19:57:49',NULL),(161,10,2015,'2015-10-14 19:57:49','2015-10-14 19:57:49',NULL),(162,10,99,'2015-10-14 19:57:49','2015-10-14 19:57:49',NULL),(163,11,320,'2015-10-14 21:45:52','2015-10-14 21:45:52',NULL),(164,11,157,'2015-10-14 21:45:52','2015-10-14 21:45:52',NULL),(165,11,146,'2015-10-14 21:45:52','2015-10-14 21:45:52',NULL),(166,11,144,'2015-10-14 21:45:52','2015-10-14 21:45:52',NULL),(167,11,139,'2015-10-14 21:45:52','2015-10-14 21:45:52',NULL),(168,11,134,'2015-10-14 21:45:52','2015-10-14 21:45:52',NULL),(169,11,3,'2015-10-14 21:45:52','2015-10-14 21:45:52',NULL),(170,11,131,'2015-10-14 21:45:52','2015-10-14 21:45:52',NULL),(171,11,129,'2015-10-14 21:45:52','2015-10-14 21:45:52',NULL),(172,11,2015,'2015-10-14 21:45:52','2015-10-14 21:45:52',NULL),(173,11,113,'2015-10-14 21:45:52','2015-10-14 21:45:52',NULL),(174,11,102,'2015-10-14 21:45:52','2015-10-14 21:45:52',NULL),(175,11,2015,'2015-10-14 21:45:52','2015-10-14 21:45:52',NULL),(176,11,99,'2015-10-14 21:45:52','2015-10-14 21:45:52',NULL),(177,12,162,'2015-10-14 21:55:04','2015-10-14 21:55:04',NULL),(178,12,162,'2015-10-14 21:55:04','2015-10-14 21:55:04',NULL),(179,12,42,'2015-10-14 21:55:04','2015-10-14 21:55:04',NULL),(180,12,152,'2015-10-14 21:55:04','2015-10-14 21:55:04',NULL),(181,12,145,'2015-10-14 21:55:04','2015-10-14 21:55:04',NULL),(182,12,144,'2015-10-14 21:55:04','2015-10-14 21:55:04',NULL),(183,12,138,'2015-10-14 21:55:04','2015-10-14 21:55:04',NULL),(184,12,134,'2015-10-14 21:55:04','2015-10-14 21:55:04',NULL),(185,12,132,'2015-10-14 21:55:04','2015-10-14 21:55:04',NULL),(186,12,131,'2015-10-14 21:55:04','2015-10-14 21:55:04',NULL),(187,12,130,'2015-10-14 21:55:04','2015-10-14 21:55:04',NULL),(188,12,125,'2015-10-14 21:55:04','2015-10-14 21:55:04',NULL),(189,12,125,'2015-10-14 21:55:04','2015-10-14 21:55:04',NULL),(190,12,112,'2015-10-14 21:55:04','2015-10-14 21:55:04',NULL),(191,12,101,'2015-10-14 21:55:04','2015-10-14 21:55:04',NULL),(192,12,2015,'2015-10-14 21:55:04','2015-10-14 21:55:04',NULL),(193,12,99,'2015-10-14 21:55:04','2015-10-14 21:55:04',NULL),(194,13,161,'2015-10-15 21:03:25','2015-10-15 21:03:25',NULL),(195,13,161,'2015-10-15 21:03:25','2015-10-15 21:03:25',NULL),(196,13,232,'2015-10-15 21:03:25','2015-10-15 21:03:25',NULL),(197,13,148,'2015-10-15 21:03:25','2015-10-15 21:03:25',NULL),(198,13,145,'2015-10-15 21:03:25','2015-10-15 21:03:25',NULL),(199,13,144,'2015-10-15 21:03:25','2015-10-15 21:03:25',NULL),(200,13,137,'2015-10-15 21:03:25','2015-10-15 21:03:25',NULL),(201,13,134,'2015-10-15 21:03:25','2015-10-15 21:03:25',NULL),(202,13,323,'2015-10-15 21:03:25','2015-10-15 21:03:25',NULL),(203,13,131,'2015-10-15 21:03:25','2015-10-15 21:03:25',NULL),(204,13,129,'2015-10-15 21:03:25','2015-10-15 21:03:25',NULL),(205,13,125,'2015-10-15 21:03:25','2015-10-15 21:03:25',NULL),(206,13,125,'2015-10-15 21:03:25','2015-10-15 21:03:25',NULL),(207,13,113,'2015-10-15 21:03:25','2015-10-15 21:03:25',NULL),(208,13,101,'2015-10-15 21:03:25','2015-10-15 21:03:25',NULL),(209,13,2015,'2015-10-15 21:03:25','2015-10-15 21:03:25',NULL),(210,13,99,'2015-10-15 21:03:25','2015-10-15 21:03:25',NULL),(211,14,162,'2015-10-16 15:07:22','2015-10-16 15:07:22',NULL),(212,14,162,'2015-10-16 15:07:22','2015-10-16 15:07:22',NULL),(213,14,341,'2015-10-16 15:07:23','2015-10-16 15:07:23',NULL),(214,14,149,'2015-10-16 15:07:23','2015-10-16 15:07:23',NULL),(215,14,145,'2015-10-16 15:07:23','2015-10-16 15:07:23',NULL),(216,14,143,'2015-10-16 15:07:23','2015-10-16 15:07:23',NULL),(217,14,138,'2015-10-16 15:07:23','2015-10-16 15:07:23',NULL),(218,14,134,'2015-10-16 15:07:23','2015-10-16 15:07:23',NULL),(219,14,21,'2015-10-16 15:07:23','2015-10-16 15:07:23',NULL),(220,14,132,'2015-10-16 15:07:23','2015-10-16 15:07:23',NULL),(221,14,129,'2015-10-16 15:07:23','2015-10-16 15:07:23',NULL),(222,14,159,'2015-10-16 15:07:23','2015-10-16 15:07:23',NULL),(223,14,159,'2015-10-16 15:07:23','2015-10-16 15:07:23',NULL),(224,14,114,'2015-10-16 15:07:23','2015-10-16 15:07:23',NULL),(225,14,103,'2015-10-16 15:07:23','2015-10-16 15:07:23',NULL),(226,14,2015,'2015-10-16 15:07:23','2015-10-16 15:07:23',NULL),(227,14,99,'2015-10-16 15:07:23','2015-10-16 15:07:23',NULL),(228,15,162,'2015-10-16 17:49:14','2015-10-16 17:49:14',NULL),(229,15,162,'2015-10-16 17:49:14','2015-10-16 17:49:14',NULL),(230,15,342,'2015-10-16 17:49:15','2015-10-16 17:49:15',NULL),(231,15,148,'2015-10-16 17:49:15','2015-10-16 17:49:15',NULL),(232,15,145,'2015-10-16 17:49:15','2015-10-16 17:49:15',NULL),(233,15,143,'2015-10-16 17:49:15','2015-10-16 17:49:15',NULL),(234,15,138,'2015-10-16 17:49:15','2015-10-16 17:49:15',NULL),(235,15,134,'2015-10-16 17:49:15','2015-10-16 17:49:15',NULL),(236,15,34,'2015-10-16 17:49:15','2015-10-16 17:49:15',NULL),(237,15,131,'2015-10-16 17:49:15','2015-10-16 17:49:15',NULL),(238,15,129,'2015-10-16 17:49:15','2015-10-16 17:49:15',NULL),(239,15,159,'2015-10-16 17:49:15','2015-10-16 17:49:15',NULL),(240,15,159,'2015-10-16 17:49:15','2015-10-16 17:49:15',NULL),(241,15,114,'2015-10-16 17:49:15','2015-10-16 17:49:15',NULL),(242,15,101,'2015-10-16 17:49:15','2015-10-16 17:49:15',NULL),(243,15,2015,'2015-10-16 17:49:15','2015-10-16 17:49:15',NULL),(244,15,99,'2015-10-16 17:49:15','2015-10-16 17:49:15',NULL),(245,16,161,'2015-10-16 21:22:16','2015-10-16 21:22:16',NULL),(246,16,161,'2015-10-16 21:22:16','2015-10-16 21:22:16',NULL),(247,19,160,'2015-10-16 21:33:28','2015-10-16 21:33:28',NULL),(248,20,160,'2015-10-16 21:33:37','2015-10-16 21:33:37',NULL),(249,21,160,'2015-10-16 21:33:59','2015-10-16 21:33:59',NULL),(250,21,160,'2015-10-16 21:33:59','2015-10-16 21:33:59',NULL),(251,24,160,'2015-10-16 21:42:55','2015-10-16 21:42:55',NULL),(252,24,160,'2015-10-16 21:42:55','2015-10-16 21:42:55',NULL),(253,24,151,'2015-10-16 21:42:55','2015-10-16 21:42:55',NULL),(254,24,148,'2015-10-16 21:42:55','2015-10-16 21:42:55',NULL),(255,24,149,'2015-10-16 21:42:55','2015-10-16 21:42:55',NULL),(256,24,150,'2015-10-16 21:42:55','2015-10-16 21:42:55',NULL),(257,24,152,'2015-10-16 21:42:55','2015-10-16 21:42:55',NULL),(258,24,153,'2015-10-16 21:42:55','2015-10-16 21:42:55',NULL),(259,24,154,'2015-10-16 21:42:55','2015-10-16 21:42:55',NULL),(260,24,155,'2015-10-16 21:42:55','2015-10-16 21:42:55',NULL),(261,24,156,'2015-10-16 21:42:55','2015-10-16 21:42:55',NULL),(262,24,157,'2015-10-16 21:42:55','2015-10-16 21:42:55',NULL),(263,24,147,'2015-10-16 21:42:55','2015-10-16 21:42:55',NULL),(264,25,147,'2015-10-17 06:02:54','2015-10-17 06:02:54',NULL),(265,25,148,'2015-10-17 06:02:54','2015-10-17 06:02:54',NULL),(266,25,149,'2015-10-17 06:02:54','2015-10-17 06:02:54',NULL),(267,25,150,'2015-10-17 06:02:54','2015-10-17 06:02:54',NULL),(268,25,151,'2015-10-17 06:02:54','2015-10-17 06:02:54',NULL),(269,25,152,'2015-10-17 06:02:54','2015-10-17 06:02:54',NULL),(270,25,153,'2015-10-17 06:02:54','2015-10-17 06:02:54',NULL),(271,25,154,'2015-10-17 06:02:54','2015-10-17 06:02:54',NULL),(272,25,155,'2015-10-17 06:02:54','2015-10-17 06:02:54',NULL),(273,25,156,'2015-10-17 06:02:54','2015-10-17 06:02:54',NULL),(274,25,157,'2015-10-17 06:02:54','2015-10-17 06:02:54',NULL),(275,25,145,'2015-10-17 06:02:54','2015-10-17 06:02:54',NULL),(276,25,144,'2015-10-17 06:02:54','2015-10-17 06:02:54',NULL),(277,25,138,'2015-10-17 06:02:54','2015-10-17 06:02:54',NULL),(278,25,134,'2015-10-17 06:02:54','2015-10-17 06:02:54',NULL),(279,25,131,'2015-10-17 06:02:54','2015-10-17 06:02:54',NULL),(280,25,129,'2015-10-17 06:02:54','2015-10-17 06:02:54',NULL),(281,25,101,'2015-10-17 06:02:54','2015-10-17 06:02:54',NULL),(282,25,2015,'2015-10-17 06:02:54','2015-10-17 06:02:54',NULL),(283,26,160,'2015-10-17 06:06:26','2015-10-17 06:06:26',NULL),(284,26,161,'2015-10-17 06:06:26','2015-10-17 06:06:26',NULL),(285,26,160,'2015-10-17 06:06:26','2015-10-17 06:06:26',NULL),(286,26,161,'2015-10-17 06:06:26','2015-10-17 06:06:26',NULL),(287,26,232,'2015-10-17 06:06:26','2015-10-17 06:06:26',NULL),(288,26,147,'2015-10-17 06:06:26','2015-10-17 06:06:26',NULL),(289,26,148,'2015-10-17 06:06:26','2015-10-17 06:06:26',NULL),(290,26,149,'2015-10-17 06:06:26','2015-10-17 06:06:26',NULL),(291,26,150,'2015-10-17 06:06:26','2015-10-17 06:06:26',NULL),(292,26,151,'2015-10-17 06:06:26','2015-10-17 06:06:26',NULL),(293,26,152,'2015-10-17 06:06:26','2015-10-17 06:06:26',NULL),(294,26,153,'2015-10-17 06:06:26','2015-10-17 06:06:26',NULL),(295,26,154,'2015-10-17 06:06:26','2015-10-17 06:06:26',NULL),(296,26,155,'2015-10-17 06:06:26','2015-10-17 06:06:26',NULL),(297,26,156,'2015-10-17 06:06:26','2015-10-17 06:06:26',NULL),(298,26,157,'2015-10-17 06:06:26','2015-10-17 06:06:26',NULL),(299,26,145,'2015-10-17 06:06:26','2015-10-17 06:06:26',NULL),(300,26,144,'2015-10-17 06:06:26','2015-10-17 06:06:26',NULL),(301,26,138,'2015-10-17 06:06:26','2015-10-17 06:06:26',NULL),(302,26,135,'2015-10-17 06:06:26','2015-10-17 06:06:26',NULL),(303,26,211,'2015-10-17 06:06:26','2015-10-17 06:06:26',NULL),(304,26,132,'2015-10-17 06:06:26','2015-10-17 06:06:26',NULL),(305,26,130,'2015-10-17 06:06:26','2015-10-17 06:06:26',NULL),(306,26,124,'2015-10-17 06:06:26','2015-10-17 06:06:26',NULL),(307,26,128,'2015-10-17 06:06:26','2015-10-17 06:06:26',NULL),(308,26,124,'2015-10-17 06:06:26','2015-10-17 06:06:26',NULL),(309,26,128,'2015-10-17 06:06:26','2015-10-17 06:06:26',NULL),(310,26,104,'2015-10-17 06:06:26','2015-10-17 06:06:26',NULL),(311,26,2015,'2015-10-17 06:06:26','2015-10-17 06:06:26',NULL),(312,27,160,'2015-10-17 06:13:13','2015-10-17 06:13:13',NULL),(313,27,161,'2015-10-17 06:13:13','2015-10-17 06:13:13',NULL),(314,27,160,'2015-10-17 06:13:13','2015-10-17 06:13:13',NULL),(315,27,161,'2015-10-17 06:13:13','2015-10-17 06:13:13',NULL),(316,27,147,'2015-10-17 06:13:13','2015-10-17 06:13:13',NULL),(317,27,148,'2015-10-17 06:13:13','2015-10-17 06:13:13',NULL),(318,27,150,'2015-10-17 06:13:13','2015-10-17 06:13:13',NULL),(319,27,149,'2015-10-17 06:13:13','2015-10-17 06:13:13',NULL),(320,27,151,'2015-10-17 06:13:13','2015-10-17 06:13:13',NULL),(321,27,152,'2015-10-17 06:13:13','2015-10-17 06:13:13',NULL),(322,27,153,'2015-10-17 06:13:13','2015-10-17 06:13:13',NULL),(323,27,154,'2015-10-17 06:13:13','2015-10-17 06:13:13',NULL),(324,27,156,'2015-10-17 06:13:13','2015-10-17 06:13:13',NULL),(325,27,155,'2015-10-17 06:13:13','2015-10-17 06:13:13',NULL),(326,27,157,'2015-10-17 06:13:13','2015-10-17 06:13:13',NULL),(327,27,124,'2015-10-17 06:13:13','2015-10-17 06:13:13',NULL),(328,27,127,'2015-10-17 06:13:13','2015-10-17 06:13:13',NULL),(329,27,124,'2015-10-17 06:13:13','2015-10-17 06:13:13',NULL),(330,27,127,'2015-10-17 06:13:13','2015-10-17 06:13:13',NULL),(331,27,103,'2015-10-17 06:13:13','2015-10-17 06:13:13',NULL),(332,28,160,'2015-10-17 06:18:53','2015-10-17 06:18:53',NULL),(333,28,160,'2015-10-17 06:18:53','2015-10-17 06:18:53',NULL),(334,28,147,'2015-10-17 06:18:53','2015-10-17 06:18:53',NULL),(335,28,148,'2015-10-17 06:18:53','2015-10-17 06:18:53',NULL),(336,28,149,'2015-10-17 06:18:53','2015-10-17 06:18:53',NULL),(337,28,150,'2015-10-17 06:18:53','2015-10-17 06:18:53',NULL),(338,28,151,'2015-10-17 06:18:53','2015-10-17 06:18:53',NULL),(339,28,152,'2015-10-17 06:18:53','2015-10-17 06:18:53',NULL),(340,28,153,'2015-10-17 06:18:53','2015-10-17 06:18:53',NULL),(341,28,154,'2015-10-17 06:18:53','2015-10-17 06:18:53',NULL),(342,28,155,'2015-10-17 06:18:53','2015-10-17 06:18:53',NULL),(343,28,156,'2015-10-17 06:18:53','2015-10-17 06:18:53',NULL),(344,28,157,'2015-10-17 06:18:53','2015-10-17 06:18:53',NULL),(345,28,146,'2015-10-17 06:18:53','2015-10-17 06:18:53',NULL),(346,28,143,'2015-10-17 06:18:53','2015-10-17 06:18:53',NULL),(347,28,124,'2015-10-17 06:18:53','2015-10-17 06:18:53',NULL),(348,28,124,'2015-10-17 06:18:53','2015-10-17 06:18:53',NULL),(349,28,102,'2015-10-17 06:18:53','2015-10-17 06:18:53',NULL),(350,28,2015,'2015-10-17 06:18:53','2015-10-17 06:18:53',NULL),(351,29,160,'2015-10-17 06:20:39','2015-10-17 06:20:39',NULL),(352,29,160,'2015-10-17 06:20:39','2015-10-17 06:20:39',NULL),(353,29,3332,'2015-10-17 06:20:39','2015-10-17 06:20:39',NULL),(354,29,147,'2015-10-17 06:20:39','2015-10-17 06:20:39',NULL),(355,29,148,'2015-10-17 06:20:39','2015-10-17 06:20:39',NULL),(356,29,149,'2015-10-17 06:20:39','2015-10-17 06:20:39',NULL),(357,29,150,'2015-10-17 06:20:39','2015-10-17 06:20:39',NULL),(358,29,151,'2015-10-17 06:20:39','2015-10-17 06:20:39',NULL),(359,29,153,'2015-10-17 06:20:39','2015-10-17 06:20:39',NULL),(360,29,152,'2015-10-17 06:20:39','2015-10-17 06:20:39',NULL),(361,29,154,'2015-10-17 06:20:39','2015-10-17 06:20:39',NULL),(362,29,155,'2015-10-17 06:20:39','2015-10-17 06:20:39',NULL),(363,29,156,'2015-10-17 06:20:39','2015-10-17 06:20:39',NULL),(364,29,157,'2015-10-17 06:20:39','2015-10-17 06:20:39',NULL),(365,29,146,'2015-10-17 06:20:39','2015-10-17 06:20:39',NULL),(366,29,144,'2015-10-17 06:20:39','2015-10-17 06:20:39',NULL),(367,29,139,'2015-10-17 06:20:39','2015-10-17 06:20:39',NULL),(368,29,134,'2015-10-17 06:20:39','2015-10-17 06:20:39',NULL),(369,29,3232,'2015-10-17 06:20:39','2015-10-17 06:20:39',NULL),(370,29,132,'2015-10-17 06:20:39','2015-10-17 06:20:39',NULL),(371,29,129,'2015-10-17 06:20:39','2015-10-17 06:20:39',NULL),(372,29,124,'2015-10-17 06:20:39','2015-10-17 06:20:39',NULL),(373,29,124,'2015-10-17 06:20:39','2015-10-17 06:20:39',NULL),(374,29,105,'2015-10-17 06:20:39','2015-10-17 06:20:39',NULL),(375,29,2015,'2015-10-17 06:20:39','2015-10-17 06:20:39',NULL),(376,30,160,'2015-10-17 06:21:43','2015-10-17 06:21:43',NULL),(377,30,160,'2015-10-17 06:21:43','2015-10-17 06:21:43',NULL),(378,30,332,'2015-10-17 06:21:43','2015-10-17 06:21:43',NULL),(379,30,147,'2015-10-17 06:21:43','2015-10-17 06:21:43',NULL),(380,30,148,'2015-10-17 06:21:43','2015-10-17 06:21:43',NULL),(381,30,149,'2015-10-17 06:21:43','2015-10-17 06:21:43',NULL),(382,30,150,'2015-10-17 06:21:43','2015-10-17 06:21:43',NULL),(383,30,151,'2015-10-17 06:21:43','2015-10-17 06:21:43',NULL),(384,30,152,'2015-10-17 06:21:43','2015-10-17 06:21:43',NULL),(385,30,153,'2015-10-17 06:21:43','2015-10-17 06:21:43',NULL),(386,30,154,'2015-10-17 06:21:43','2015-10-17 06:21:43',NULL),(387,30,155,'2015-10-17 06:21:43','2015-10-17 06:21:43',NULL),(388,30,156,'2015-10-17 06:21:43','2015-10-17 06:21:43',NULL),(389,30,157,'2015-10-17 06:21:43','2015-10-17 06:21:43',NULL),(390,30,146,'2015-10-17 06:21:43','2015-10-17 06:21:43',NULL),(391,30,144,'2015-10-17 06:21:43','2015-10-17 06:21:43',NULL),(392,30,137,'2015-10-17 06:21:43','2015-10-17 06:21:43',NULL),(393,30,134,'2015-10-17 06:21:43','2015-10-17 06:21:43',NULL),(394,30,332,'2015-10-17 06:21:43','2015-10-17 06:21:43',NULL),(395,30,131,'2015-10-17 06:21:43','2015-10-17 06:21:43',NULL),(396,30,129,'2015-10-17 06:21:43','2015-10-17 06:21:43',NULL),(397,30,124,'2015-10-17 06:21:43','2015-10-17 06:21:43',NULL),(398,30,124,'2015-10-17 06:21:43','2015-10-17 06:21:43',NULL),(399,30,102,'2015-10-17 06:21:43','2015-10-17 06:21:43',NULL),(400,30,2015,'2015-10-17 06:21:43','2015-10-17 06:21:43',NULL),(401,31,160,'2015-10-17 06:24:13','2015-10-17 06:24:13',NULL),(402,31,160,'2015-10-17 06:24:13','2015-10-17 06:24:13',NULL),(403,31,3232,'2015-10-17 06:24:13','2015-10-17 06:24:13',NULL),(404,31,147,'2015-10-17 06:24:13','2015-10-17 06:24:13',NULL),(405,31,148,'2015-10-17 06:24:13','2015-10-17 06:24:13',NULL),(406,31,149,'2015-10-17 06:24:13','2015-10-17 06:24:13',NULL),(407,31,150,'2015-10-17 06:24:13','2015-10-17 06:24:13',NULL),(408,31,151,'2015-10-17 06:24:13','2015-10-17 06:24:13',NULL),(409,31,152,'2015-10-17 06:24:13','2015-10-17 06:24:13',NULL),(410,31,153,'2015-10-17 06:24:13','2015-10-17 06:24:13',NULL),(411,31,154,'2015-10-17 06:24:13','2015-10-17 06:24:13',NULL),(412,31,155,'2015-10-17 06:24:13','2015-10-17 06:24:13',NULL),(413,31,156,'2015-10-17 06:24:13','2015-10-17 06:24:13',NULL),(414,31,157,'2015-10-17 06:24:13','2015-10-17 06:24:13',NULL),(415,31,145,'2015-10-17 06:24:13','2015-10-17 06:24:13',NULL),(416,31,144,'2015-10-17 06:24:13','2015-10-17 06:24:13',NULL),(417,31,138,'2015-10-17 06:24:13','2015-10-17 06:24:13',NULL),(418,31,133,'2015-10-17 06:24:13','2015-10-17 06:24:13',NULL),(419,31,3233,'2015-10-17 06:24:13','2015-10-17 06:24:13',NULL),(420,31,131,'2015-10-17 06:24:13','2015-10-17 06:24:13',NULL),(421,31,129,'2015-10-17 06:24:13','2015-10-17 06:24:13',NULL),(422,31,158,'2015-10-17 06:24:13','2015-10-17 06:24:13',NULL),(423,31,158,'2015-10-17 06:24:13','2015-10-17 06:24:13',NULL),(424,31,101,'2015-10-17 06:24:13','2015-10-17 06:24:13',NULL),(425,31,2015,'2015-10-17 06:24:13','2015-10-17 06:24:13',NULL),(426,32,160,'2015-10-17 06:26:03','2015-10-17 06:26:03',NULL),(427,32,161,'2015-10-17 06:26:03','2015-10-17 06:26:03',NULL),(428,32,3232,'2015-10-17 06:26:03','2015-10-17 06:26:03',NULL),(429,32,147,'2015-10-17 06:26:03','2015-10-17 06:26:03',NULL),(430,32,148,'2015-10-17 06:26:03','2015-10-17 06:26:03',NULL),(431,32,149,'2015-10-17 06:26:03','2015-10-17 06:26:03',NULL),(432,32,150,'2015-10-17 06:26:03','2015-10-17 06:26:03',NULL),(433,32,152,'2015-10-17 06:26:03','2015-10-17 06:26:03',NULL),(434,32,151,'2015-10-17 06:26:03','2015-10-17 06:26:03',NULL),(435,32,153,'2015-10-17 06:26:03','2015-10-17 06:26:03',NULL),(436,32,154,'2015-10-17 06:26:03','2015-10-17 06:26:03',NULL),(437,32,155,'2015-10-17 06:26:03','2015-10-17 06:26:03',NULL),(438,32,156,'2015-10-17 06:26:03','2015-10-17 06:26:03',NULL),(439,32,157,'2015-10-17 06:26:03','2015-10-17 06:26:03',NULL),(440,32,145,'2015-10-17 06:26:03','2015-10-17 06:26:03',NULL),(441,32,144,'2015-10-17 06:26:03','2015-10-17 06:26:03',NULL),(442,32,137,'2015-10-17 06:26:03','2015-10-17 06:26:03',NULL),(443,32,134,'2015-10-17 06:26:03','2015-10-17 06:26:03',NULL),(444,32,33232,'2015-10-17 06:26:03','2015-10-17 06:26:03',NULL),(445,32,131,'2015-10-17 06:26:03','2015-10-17 06:26:03',NULL),(446,32,130,'2015-10-17 06:26:03','2015-10-17 06:26:03',NULL),(447,32,124,'2015-10-17 06:26:03','2015-10-17 06:26:03',NULL),(448,32,125,'2015-10-17 06:26:03','2015-10-17 06:26:03',NULL),(449,32,101,'2015-10-17 06:26:03','2015-10-17 06:26:03',NULL),(450,32,2015,'2015-10-17 06:26:03','2015-10-17 06:26:03',NULL),(451,33,160,'2015-10-17 06:43:02','2015-10-17 06:43:02',NULL),(452,33,161,'2015-10-17 06:43:02','2015-10-17 06:43:02',NULL),(453,33,32332,'2015-10-17 06:43:02','2015-10-17 06:43:02',NULL),(454,33,147,'2015-10-17 06:43:02','2015-10-17 06:43:02',NULL),(455,33,148,'2015-10-17 06:43:02','2015-10-17 06:43:02',NULL),(456,33,149,'2015-10-17 06:43:02','2015-10-17 06:43:02',NULL),(457,33,150,'2015-10-17 06:43:02','2015-10-17 06:43:02',NULL),(458,33,151,'2015-10-17 06:43:02','2015-10-17 06:43:02',NULL),(459,33,152,'2015-10-17 06:43:02','2015-10-17 06:43:02',NULL),(460,33,153,'2015-10-17 06:43:02','2015-10-17 06:43:02',NULL),(461,33,154,'2015-10-17 06:43:02','2015-10-17 06:43:02',NULL),(462,33,155,'2015-10-17 06:43:02','2015-10-17 06:43:02',NULL),(463,33,156,'2015-10-17 06:43:02','2015-10-17 06:43:02',NULL),(464,33,157,'2015-10-17 06:43:02','2015-10-17 06:43:02',NULL),(465,33,145,'2015-10-17 06:43:02','2015-10-17 06:43:02',NULL),(466,33,143,'2015-10-17 06:43:02','2015-10-17 06:43:02',NULL),(467,33,138,'2015-10-17 06:43:02','2015-10-17 06:43:02',NULL),(468,33,133,'2015-10-17 06:43:02','2015-10-17 06:43:02',NULL),(469,33,332,'2015-10-17 06:43:02','2015-10-17 06:43:02',NULL),(470,33,132,'2015-10-17 06:43:02','2015-10-17 06:43:02',NULL),(471,33,129,'2015-10-17 06:43:02','2015-10-17 06:43:02',NULL),(472,33,124,'2015-10-17 06:43:02','2015-10-17 06:43:02',NULL),(473,33,126,'2015-10-17 06:43:02','2015-10-17 06:43:02',NULL),(474,33,102,'2015-10-17 06:43:02','2015-10-17 06:43:02',NULL),(475,33,2015,'2015-10-17 06:43:02','2015-10-17 06:43:02',NULL),(476,34,160,'2015-10-17 06:46:15','2015-10-17 06:46:15',NULL),(477,34,161,'2015-10-17 06:46:15','2015-10-17 06:46:15',NULL),(478,34,2332,'2015-10-17 06:46:15','2015-10-17 06:46:15',NULL),(479,34,147,'2015-10-17 06:46:15','2015-10-17 06:46:15',NULL),(480,34,148,'2015-10-17 06:46:15','2015-10-17 06:46:15',NULL),(481,34,149,'2015-10-17 06:46:15','2015-10-17 06:46:15',NULL),(482,34,150,'2015-10-17 06:46:15','2015-10-17 06:46:15',NULL),(483,34,151,'2015-10-17 06:46:15','2015-10-17 06:46:15',NULL),(484,34,152,'2015-10-17 06:46:15','2015-10-17 06:46:15',NULL),(485,34,153,'2015-10-17 06:46:15','2015-10-17 06:46:15',NULL),(486,34,154,'2015-10-17 06:46:15','2015-10-17 06:46:15',NULL),(487,34,155,'2015-10-17 06:46:15','2015-10-17 06:46:15',NULL),(488,34,156,'2015-10-17 06:46:15','2015-10-17 06:46:15',NULL),(489,34,157,'2015-10-17 06:46:15','2015-10-17 06:46:15',NULL),(490,34,146,'2015-10-17 06:46:15','2015-10-17 06:46:15',NULL),(491,34,144,'2015-10-17 06:46:15','2015-10-17 06:46:15',NULL),(492,34,138,'2015-10-17 06:46:15','2015-10-17 06:46:15',NULL),(493,34,134,'2015-10-17 06:46:15','2015-10-17 06:46:15',NULL),(494,34,232,'2015-10-17 06:46:15','2015-10-17 06:46:15',NULL),(495,34,131,'2015-10-17 06:46:15','2015-10-17 06:46:15',NULL),(496,34,130,'2015-10-17 06:46:15','2015-10-17 06:46:15',NULL),(497,34,158,'2015-10-17 06:46:15','2015-10-17 06:46:15',NULL),(498,34,159,'2015-10-17 06:46:15','2015-10-17 06:46:15',NULL),(499,34,102,'2015-10-17 06:46:15','2015-10-17 06:46:15',NULL),(500,34,2015,'2015-10-17 06:46:15','2015-10-17 06:46:15',NULL),(501,35,160,'2015-10-17 06:47:53','2015-10-17 06:47:53',NULL),(502,35,161,'2015-10-17 06:47:53','2015-10-17 06:47:53',NULL),(503,35,3232,'2015-10-17 06:47:53','2015-10-17 06:47:53',NULL),(504,35,147,'2015-10-17 06:47:53','2015-10-17 06:47:53',NULL),(505,35,148,'2015-10-17 06:47:53','2015-10-17 06:47:53',NULL),(506,35,149,'2015-10-17 06:47:53','2015-10-17 06:47:53',NULL),(507,35,150,'2015-10-17 06:47:53','2015-10-17 06:47:53',NULL),(508,35,151,'2015-10-17 06:47:53','2015-10-17 06:47:53',NULL),(509,35,152,'2015-10-17 06:47:53','2015-10-17 06:47:53',NULL),(510,35,154,'2015-10-17 06:47:53','2015-10-17 06:47:53',NULL),(511,35,153,'2015-10-17 06:47:53','2015-10-17 06:47:53',NULL),(512,35,155,'2015-10-17 06:47:53','2015-10-17 06:47:53',NULL),(513,35,157,'2015-10-17 06:47:53','2015-10-17 06:47:53',NULL),(514,35,156,'2015-10-17 06:47:53','2015-10-17 06:47:53',NULL),(515,35,145,'2015-10-17 06:47:53','2015-10-17 06:47:53',NULL),(516,35,143,'2015-10-17 06:47:53','2015-10-17 06:47:53',NULL),(517,35,137,'2015-10-17 06:47:53','2015-10-17 06:47:53',NULL),(518,35,133,'2015-10-17 06:47:53','2015-10-17 06:47:53',NULL),(519,35,3232,'2015-10-17 06:47:53','2015-10-17 06:47:53',NULL),(520,35,131,'2015-10-17 06:47:53','2015-10-17 06:47:53',NULL),(521,35,129,'2015-10-17 06:47:53','2015-10-17 06:47:53',NULL),(522,35,124,'2015-10-17 06:47:53','2015-10-17 06:47:53',NULL),(523,35,127,'2015-10-17 06:47:53','2015-10-17 06:47:53',NULL),(524,35,102,'2015-10-17 06:47:53','2015-10-17 06:47:53',NULL),(525,35,2015,'2015-10-17 06:47:53','2015-10-17 06:47:53',NULL),(526,36,160,'2015-10-17 06:55:11','2015-10-17 06:55:11',NULL),(527,36,161,'2015-10-17 06:55:11','2015-10-17 06:55:11',NULL),(528,36,213131,'2015-10-17 06:55:11','2015-10-17 06:55:11',NULL),(529,36,147,'2015-10-17 06:55:11','2015-10-17 06:55:11',NULL),(530,36,148,'2015-10-17 06:55:11','2015-10-17 06:55:11',NULL),(531,36,149,'2015-10-17 06:55:11','2015-10-17 06:55:11',NULL),(532,36,150,'2015-10-17 06:55:11','2015-10-17 06:55:11',NULL),(533,36,151,'2015-10-17 06:55:11','2015-10-17 06:55:11',NULL),(534,36,152,'2015-10-17 06:55:11','2015-10-17 06:55:11',NULL),(535,36,153,'2015-10-17 06:55:11','2015-10-17 06:55:11',NULL),(536,36,154,'2015-10-17 06:55:11','2015-10-17 06:55:11',NULL),(537,36,155,'2015-10-17 06:55:11','2015-10-17 06:55:11',NULL),(538,36,156,'2015-10-17 06:55:11','2015-10-17 06:55:11',NULL),(539,36,157,'2015-10-17 06:55:11','2015-10-17 06:55:11',NULL),(540,36,146,'2015-10-17 06:55:11','2015-10-17 06:55:11',NULL),(541,36,144,'2015-10-17 06:55:11','2015-10-17 06:55:11',NULL),(542,36,137,'2015-10-17 06:55:11','2015-10-17 06:55:11',NULL),(543,36,133,'2015-10-17 06:55:11','2015-10-17 06:55:11',NULL),(544,36,131,'2015-10-17 06:55:11','2015-10-17 06:55:11',NULL),(545,36,129,'2015-10-17 06:55:11','2015-10-17 06:55:11',NULL),(546,36,124,'2015-10-17 06:55:11','2015-10-17 06:55:11',NULL),(547,36,126,'2015-10-17 06:55:11','2015-10-17 06:55:11',NULL),(548,36,102,'2015-10-17 06:55:11','2015-10-17 06:55:11',NULL),(549,36,2015,'2015-10-17 06:55:11','2015-10-17 06:55:11',NULL),(550,37,147,'2015-10-17 07:21:46','2015-10-17 07:21:46',NULL),(551,37,148,'2015-10-17 07:21:46','2015-10-17 07:21:46',NULL),(552,37,149,'2015-10-17 07:21:46','2015-10-17 07:21:46',NULL),(553,37,150,'2015-10-17 07:21:46','2015-10-17 07:21:46',NULL),(554,37,156,'2015-10-17 07:21:46','2015-10-17 07:21:46',NULL),(555,37,155,'2015-10-17 07:21:46','2015-10-17 07:21:46',NULL),(556,37,145,'2015-10-17 07:21:46','2015-10-17 07:21:46',NULL),(557,37,143,'2015-10-17 07:21:46','2015-10-17 07:21:46',NULL),(558,37,138,'2015-10-17 07:21:46','2015-10-17 07:21:46',NULL),(559,37,133,'2015-10-17 07:21:46','2015-10-17 07:21:46',NULL),(560,37,132,'2015-10-17 07:21:46','2015-10-17 07:21:46',NULL),(561,37,129,'2015-10-17 07:21:46','2015-10-17 07:21:46',NULL),(562,37,164,'2015-10-17 07:21:46','2015-10-17 07:21:46',NULL),(563,37,124,'2015-10-17 07:21:46','2015-10-17 07:21:46',NULL),(564,37,126,'2015-10-17 07:21:46','2015-10-17 07:21:46',NULL),(565,37,102,'2015-10-17 07:21:46','2015-10-17 07:21:46',NULL),(566,37,2015,'2015-10-17 07:21:46','2015-10-17 07:21:46',NULL),(567,38,99,'2015-10-17 07:32:47','2015-10-17 07:32:47',NULL),(568,39,160,'2015-10-17 07:47:12','2015-10-17 07:47:12',NULL),(569,39,161,'2015-10-17 07:47:12','2015-10-17 07:47:12',NULL),(570,39,147,'2015-10-17 07:47:12','2015-10-17 07:47:12',NULL),(571,39,148,'2015-10-17 07:47:12','2015-10-17 07:47:12',NULL),(572,39,149,'2015-10-17 07:47:12','2015-10-17 07:47:12',NULL),(573,39,150,'2015-10-17 07:47:12','2015-10-17 07:47:12',NULL),(574,39,151,'2015-10-17 07:47:12','2015-10-17 07:47:12',NULL),(575,39,152,'2015-10-17 07:47:12','2015-10-17 07:47:12',NULL),(576,39,153,'2015-10-17 07:47:12','2015-10-17 07:47:12',NULL),(577,39,154,'2015-10-17 07:47:12','2015-10-17 07:47:12',NULL),(578,39,155,'2015-10-17 07:47:12','2015-10-17 07:47:12',NULL),(579,39,156,'2015-10-17 07:47:12','2015-10-17 07:47:12',NULL),(580,39,157,'2015-10-17 07:47:12','2015-10-17 07:47:12',NULL),(581,39,146,'2015-10-17 07:47:12','2015-10-17 07:47:12',NULL),(582,39,144,'2015-10-17 07:47:12','2015-10-17 07:47:12',NULL),(583,39,138,'2015-10-17 07:47:12','2015-10-17 07:47:12',NULL),(584,39,134,'2015-10-17 07:47:12','2015-10-17 07:47:12',NULL),(585,39,131,'2015-10-17 07:47:12','2015-10-17 07:47:12',NULL),(586,39,129,'2015-10-17 07:47:12','2015-10-17 07:47:12',NULL),(587,39,166,'2015-10-17 07:47:12','2015-10-17 07:47:12',NULL),(588,39,168,'2015-10-17 07:47:12','2015-10-17 07:47:12',NULL),(589,39,169,'2015-10-17 07:47:12','2015-10-17 07:47:12',NULL),(590,39,105,'2015-10-17 07:47:12','2015-10-17 07:47:12',NULL),(591,39,2012,'2015-10-17 07:47:12','2015-10-17 07:47:12',NULL),(592,39,100,'2015-10-17 07:47:12','2015-10-17 07:47:12',NULL),(593,47,0,'2015-10-22 11:33:49','2015-10-22 11:33:49',''),(594,47,0,'2015-10-22 11:33:49','2015-10-22 11:33:49',''),(595,47,170,'2015-10-22 11:33:49','2015-10-22 11:33:49','23432'),(596,47,164,'2015-10-22 11:33:49','2015-10-22 11:33:49','4278'),(597,48,0,'2015-10-22 11:34:27','2015-10-22 11:34:27',''),(598,48,0,'2015-10-22 11:34:27','2015-10-22 11:34:27',''),(599,48,170,'2015-10-22 11:34:27','2015-10-22 11:34:27','23432'),(600,48,164,'2015-10-22 11:34:27','2015-10-22 11:34:27','4278'),(601,49,0,'2015-10-22 11:34:44','2015-10-22 11:34:44',''),(602,49,0,'2015-10-22 11:34:44','2015-10-22 11:34:44',''),(603,49,170,'2015-10-22 11:34:44','2015-10-22 11:34:44','23432'),(604,49,164,'2015-10-22 11:34:44','2015-10-22 11:34:44','4278'),(605,50,0,'2015-10-22 11:48:28','2015-10-22 11:48:28',''),(606,50,0,'2015-10-22 11:48:28','2015-10-22 11:48:28',''),(607,50,170,'2015-10-22 11:48:28','2015-10-22 11:48:28','23432'),(608,50,164,'2015-10-22 11:48:28','2015-10-22 11:48:28','4278'),(609,51,157,'2015-10-22 11:52:24','2015-10-22 11:52:24',NULL),(610,51,153,'2015-10-22 11:52:24','2015-10-22 11:52:24',NULL),(611,51,151,'2015-10-22 11:52:24','2015-10-22 11:52:24',NULL),(612,51,147,'2015-10-22 11:52:24','2015-10-22 11:52:24',NULL),(613,51,148,'2015-10-22 11:52:24','2015-10-22 11:52:24',NULL),(614,51,152,'2015-10-22 11:52:24','2015-10-22 11:52:24',NULL),(615,51,154,'2015-10-22 11:52:24','2015-10-22 11:52:24',NULL),(616,51,174,'2015-10-22 11:52:24','2015-10-22 11:52:24',''),(617,51,175,'2015-10-22 11:52:24','2015-10-22 11:52:24',''),(618,51,173,'2015-10-22 11:52:24','2015-10-22 11:52:24',''),(619,51,171,'2015-10-22 11:52:24','2015-10-22 11:52:24',''),(620,51,0,'2015-10-22 11:52:24','2015-10-22 11:52:24','103'),(621,51,0,'2015-10-22 11:52:24','2015-10-22 11:52:24','138'),(622,52,157,'2015-10-22 11:52:47','2015-10-22 11:52:47',NULL),(623,52,153,'2015-10-22 11:52:47','2015-10-22 11:52:47',NULL),(624,52,151,'2015-10-22 11:52:47','2015-10-22 11:52:47',NULL),(625,52,147,'2015-10-22 11:52:47','2015-10-22 11:52:47',NULL),(626,52,148,'2015-10-22 11:52:47','2015-10-22 11:52:47',NULL),(627,52,152,'2015-10-22 11:52:47','2015-10-22 11:52:47',NULL),(628,52,154,'2015-10-22 11:52:47','2015-10-22 11:52:47',NULL),(629,52,174,'2015-10-22 11:52:47','2015-10-22 11:52:47',''),(630,52,175,'2015-10-22 11:52:47','2015-10-22 11:52:47',''),(631,52,173,'2015-10-22 11:52:47','2015-10-22 11:52:47',''),(632,52,171,'2015-10-22 11:52:47','2015-10-22 11:52:47',''),(633,52,0,'2015-10-22 11:52:47','2015-10-22 11:52:47','103'),(634,52,0,'2015-10-22 11:52:47','2015-10-22 11:52:47','138'),(635,52,114,'2015-10-22 11:52:47','2015-10-22 11:52:47',''),(636,52,0,'2015-10-22 11:52:47','2015-10-22 11:52:47','134'),(637,52,0,'2015-10-22 11:52:47','2015-10-22 11:52:47',''),(638,52,0,'2015-10-22 11:52:47','2015-10-22 11:52:47',''),(639,52,170,'2015-10-22 11:52:47','2015-10-22 11:52:47','322'),(640,52,164,'2015-10-22 11:52:47','2015-10-22 11:52:47','332'),(641,40,0,'2015-10-22 15:13:56','2015-10-22 15:13:56',''),(642,40,0,'2015-10-22 15:13:56','2015-10-22 15:13:56',''),(643,40,170,'2015-10-22 15:13:56','2015-10-22 15:13:56','2010'),(644,40,164,'2015-10-22 15:13:56','2015-10-22 15:13:56','130000'),(645,40,0,'2015-10-22 15:13:56','2015-10-22 15:13:56','135'),(646,40,0,'2015-10-22 15:13:56','2015-10-22 15:13:56','102'),(647,40,0,'2015-10-22 15:13:56','2015-10-22 15:13:56','140'),(648,40,121,'2015-10-22 15:13:56','2015-10-22 15:13:56',''),(649,40,175,'2015-10-22 15:13:56','2015-10-22 15:13:56',''),(650,40,174,'2015-10-22 15:13:56','2015-10-22 15:13:56',''),(651,40,172,'2015-10-22 15:13:56','2015-10-22 15:13:56',''),(652,40,171,'2015-10-22 15:13:56','2015-10-22 15:13:56',''),(653,40,147,'2015-10-22 15:13:56','2015-10-22 15:13:56',NULL),(654,40,148,'2015-10-22 15:13:56','2015-10-22 15:13:56',NULL),(655,40,149,'2015-10-22 15:13:56','2015-10-22 15:13:56',NULL),(656,40,151,'2015-10-22 15:13:56','2015-10-22 15:13:56',NULL),(657,40,153,'2015-10-22 15:13:56','2015-10-22 15:13:56',NULL),(658,40,155,'2015-10-22 15:13:56','2015-10-22 15:13:56',NULL),(659,40,157,'2015-10-22 15:13:56','2015-10-22 15:13:56',NULL),(660,40,156,'2015-10-22 15:13:56','2015-10-22 15:13:56',NULL),(661,40,154,'2015-10-22 15:13:56','2015-10-22 15:13:56',NULL),(662,40,152,'2015-10-22 15:13:56','2015-10-22 15:13:56',NULL),(663,40,150,'2015-10-22 15:13:56','2015-10-22 15:13:56',NULL),(664,41,0,'2015-10-23 07:41:58','2015-10-23 07:41:58',''),(665,41,0,'2015-10-23 07:41:58','2015-10-23 07:41:58',''),(666,41,170,'2015-10-23 07:41:58','2015-10-23 07:41:58','322'),(667,41,164,'2015-10-23 07:41:58','2015-10-23 07:41:58','3232'),(668,42,0,'2015-10-23 07:52:44','2015-10-23 07:52:44',''),(669,42,0,'2015-10-23 07:52:44','2015-10-23 07:52:44',''),(670,42,170,'2015-10-23 07:52:44','2015-10-23 07:52:44','221'),(671,42,164,'2015-10-23 07:52:44','2015-10-23 07:52:44','296'),(672,43,0,'2015-10-23 08:02:04','2015-10-23 08:02:04',''),(673,43,0,'2015-10-23 08:02:04','2015-10-23 08:02:04',''),(674,43,170,'2015-10-23 08:02:04','2015-10-23 08:02:04','2012'),(675,43,164,'2015-10-23 08:02:04','2015-10-23 08:02:04','27000'),(676,43,0,'2015-10-23 08:02:04','2015-10-23 08:02:04','134'),(677,43,0,'2015-10-23 08:02:04','2015-10-23 08:02:04','102'),(678,43,0,'2015-10-23 08:02:04','2015-10-23 08:02:04','138'),(679,43,114,'2015-10-23 08:02:04','2015-10-23 08:02:04',''),(680,43,175,'2015-10-23 08:02:04','2015-10-23 08:02:04',''),(681,43,173,'2015-10-23 08:02:04','2015-10-23 08:02:04',''),(682,43,171,'2015-10-23 08:02:04','2015-10-23 08:02:04',''),(683,43,172,'2015-10-23 08:02:04','2015-10-23 08:02:04',''),(684,43,174,'2015-10-23 08:02:04','2015-10-23 08:02:04',''),(685,43,147,'2015-10-23 08:02:04','2015-10-23 08:02:04',NULL),(686,43,149,'2015-10-23 08:02:04','2015-10-23 08:02:04',NULL),(687,43,151,'2015-10-23 08:02:04','2015-10-23 08:02:04',NULL),(688,43,153,'2015-10-23 08:02:04','2015-10-23 08:02:04',NULL),(689,43,155,'2015-10-23 08:02:04','2015-10-23 08:02:04',NULL),(690,43,157,'2015-10-23 08:02:04','2015-10-23 08:02:04',NULL),(691,43,156,'2015-10-23 08:02:04','2015-10-23 08:02:04',NULL),(692,43,154,'2015-10-23 08:02:04','2015-10-23 08:02:04',NULL),(693,43,152,'2015-10-23 08:02:04','2015-10-23 08:02:04',NULL),(694,43,148,'2015-10-23 08:02:04','2015-10-23 08:02:04',NULL),(695,43,150,'2015-10-23 08:02:05','2015-10-23 08:02:05',NULL),(696,44,170,'2015-10-23 08:04:04','2015-10-23 08:04:04','2009'),(697,44,164,'2015-10-23 08:04:04','2015-10-23 08:04:04','27000'),(698,44,0,'2015-10-23 08:04:04','2015-10-23 08:04:04',''),(699,44,0,'2015-10-23 08:04:04','2015-10-23 08:04:04',''),(700,44,0,'2015-10-23 08:04:04','2015-10-23 08:04:04','134'),(701,44,0,'2015-10-23 08:04:04','2015-10-23 08:04:04','102'),(702,44,0,'2015-10-23 08:04:04','2015-10-23 08:04:04','138'),(703,44,114,'2015-10-23 08:04:04','2015-10-23 08:04:04',''),(704,44,175,'2015-10-23 08:04:04','2015-10-23 08:04:04',''),(705,44,173,'2015-10-23 08:04:04','2015-10-23 08:04:04',''),(706,44,171,'2015-10-23 08:04:04','2015-10-23 08:04:04',''),(707,44,149,'2015-10-23 08:04:04','2015-10-23 08:04:04',NULL),(708,44,147,'2015-10-23 08:04:04','2015-10-23 08:04:04',NULL),(709,44,151,'2015-10-23 08:04:04','2015-10-23 08:04:04',NULL),(710,44,155,'2015-10-23 08:04:04','2015-10-23 08:04:04',NULL),(711,44,153,'2015-10-23 08:04:04','2015-10-23 08:04:04',NULL),(712,44,157,'2015-10-23 08:04:04','2015-10-23 08:04:04',NULL),(713,44,148,'2015-10-23 08:04:04','2015-10-23 08:04:04',NULL),(714,44,150,'2015-10-23 08:04:04','2015-10-23 08:04:04',NULL),(715,44,152,'2015-10-23 08:04:04','2015-10-23 08:04:04',NULL),(716,44,154,'2015-10-23 08:04:04','2015-10-23 08:04:04',NULL),(717,44,156,'2015-10-23 08:04:04','2015-10-23 08:04:04',NULL),(718,45,0,'2015-10-23 08:19:53','2015-10-23 08:19:53',''),(719,45,0,'2015-10-23 08:19:53','2015-10-23 08:19:53',''),(720,45,170,'2015-10-23 08:19:53','2015-10-23 08:19:53','34'),(721,45,164,'2015-10-23 08:19:53','2015-10-23 08:19:53','34'),(722,46,124,'2015-10-23 08:22:36','2015-10-23 08:22:36',''),(723,46,127,'2015-10-23 08:22:36','2015-10-23 08:22:36',''),(724,46,170,'2015-10-23 08:22:36','2015-10-23 08:22:36','443543'),(725,46,164,'2015-10-23 08:22:36','2015-10-23 08:22:36','45345'),(726,47,124,'2015-10-24 14:23:39','2015-10-24 14:23:39',''),(727,47,126,'2015-10-24 14:23:39','2015-10-24 14:23:39',''),(728,47,170,'2015-10-24 14:23:40','2015-10-24 14:23:40',NULL),(729,47,164,'2015-10-24 14:23:40','2015-10-24 14:23:40',NULL),(730,47,0,'2015-10-24 14:23:40','2015-10-24 14:23:40','135'),(731,49,124,'2015-11-04 20:36:25','2015-11-04 20:36:25',''),(732,49,125,'2015-11-04 20:36:25','2015-11-04 20:36:25',''),(733,49,177,'2015-11-04 20:36:25','2015-11-04 20:36:25','2009'),(734,49,164,'2015-11-04 20:36:25','2015-11-04 20:36:25','2222'),(735,50,124,'2015-11-04 20:45:29','2015-11-04 20:45:29',''),(736,50,125,'2015-11-04 20:45:29','2015-11-04 20:45:29',''),(737,50,149,'2015-11-04 20:45:29','2015-11-04 20:45:29',NULL),(738,50,152,'2015-11-04 20:45:29','2015-11-04 20:45:29',NULL),(739,50,155,'2015-11-04 20:45:29','2015-11-04 20:45:29',NULL),(740,50,157,'2015-11-04 20:45:29','2015-11-04 20:45:29',NULL),(741,50,154,'2015-11-04 20:45:29','2015-11-04 20:45:29',NULL),(742,50,151,'2015-11-04 20:45:29','2015-11-04 20:45:29',NULL),(743,50,148,'2015-11-04 20:45:29','2015-11-04 20:45:29',NULL),(744,50,147,'2015-11-04 20:45:29','2015-11-04 20:45:29',NULL),(745,50,150,'2015-11-04 20:45:29','2015-11-04 20:45:29',NULL),(746,50,153,'2015-11-04 20:45:29','2015-11-04 20:45:29',NULL),(747,50,156,'2015-11-04 20:45:29','2015-11-04 20:45:29',NULL),(748,51,168,'2015-11-04 20:49:24','2015-11-04 20:49:24',''),(749,51,169,'2015-11-04 20:49:24','2015-11-04 20:49:24',''),(750,51,156,'2015-11-04 20:49:24','2015-11-04 20:49:24',NULL),(751,51,157,'2015-11-04 20:49:24','2015-11-04 20:49:24',NULL),(752,52,124,'2015-11-04 20:57:50','2015-11-04 20:57:50',''),(753,52,126,'2015-11-04 20:57:50','2015-11-04 20:57:50',''),(754,52,150,'2015-11-04 20:57:50','2015-11-04 20:57:50',NULL),(755,52,153,'2015-11-04 20:57:50','2015-11-04 20:57:50',NULL),(756,52,156,'2015-11-04 20:57:50','2015-11-04 20:57:50',NULL),(757,52,154,'2015-11-04 20:57:50','2015-11-04 20:57:50',NULL),(758,52,157,'2015-11-04 20:57:50','2015-11-04 20:57:50',NULL),(759,53,124,'2015-11-04 21:00:10','2015-11-04 21:00:10',''),(760,53,125,'2015-11-04 21:00:10','2015-11-04 21:00:10',''),(761,53,147,'2015-11-04 21:00:10','2015-11-04 21:00:10',NULL),(762,53,150,'2015-11-04 21:00:10','2015-11-04 21:00:10',NULL),(763,54,158,'2015-11-04 21:01:32','2015-11-04 21:01:32',''),(764,54,159,'2015-11-04 21:01:33','2015-11-04 21:01:33',''),(765,55,158,'2015-11-04 21:02:42','2015-11-04 21:02:42',''),(766,55,159,'2015-11-04 21:02:42','2015-11-04 21:02:42',''),(767,55,147,'2015-11-04 21:02:42','2015-11-04 21:02:42',NULL),(768,55,150,'2015-11-04 21:02:42','2015-11-04 21:02:42',NULL),(769,55,153,'2015-11-04 21:02:42','2015-11-04 21:02:42',NULL),(770,56,124,'2015-11-18 15:53:22','2015-11-18 15:53:22',''),(771,56,125,'2015-11-18 15:53:22','2015-11-18 15:53:22',''),(772,56,0,'2015-11-18 15:53:22','2015-11-18 15:53:22','177'),(773,56,0,'2015-11-18 15:53:22','2015-11-18 15:53:22','209'),(774,56,0,'2015-11-18 15:53:22','2015-11-18 15:53:22','131'),(775,56,0,'2015-11-18 15:53:22','2015-11-18 15:53:22','130'),(776,56,0,'2015-11-18 15:53:22','2015-11-18 15:53:22','133'),(777,56,0,'2015-11-18 15:53:22','2015-11-18 15:53:22','137'),(778,56,0,'2015-11-18 15:53:22','2015-11-18 15:53:22','102'),(779,56,0,'2015-11-18 15:53:22','2015-11-18 15:53:22','112'),(780,56,148,'2015-11-18 15:53:22','2015-11-18 15:53:22',NULL),(781,56,151,'2015-11-18 15:53:22','2015-11-18 15:53:22',NULL),(782,56,154,'2015-11-18 15:53:22','2015-11-18 15:53:22',NULL),(783,57,124,'2015-11-20 13:29:17','2015-11-20 13:29:17',''),(784,57,125,'2015-11-20 13:29:17','2015-11-20 13:29:17',''),(785,57,0,'2015-11-20 13:29:17','2015-11-20 13:29:17','178'),(786,57,0,'2015-11-20 13:29:17','2015-11-20 13:29:17','209'),(787,57,0,'2015-11-20 13:29:17','2015-11-20 13:29:17','132'),(788,57,0,'2015-11-20 13:29:17','2015-11-20 13:29:17','129'),(789,57,0,'2015-11-20 13:29:17','2015-11-20 13:29:17','133'),(790,57,0,'2015-11-20 13:29:17','2015-11-20 13:29:17','139'),(791,57,0,'2015-11-20 13:29:17','2015-11-20 13:29:17','102'),(792,57,0,'2015-11-20 13:29:17','2015-11-20 13:29:17','112'),(793,57,147,'2015-11-20 13:29:17','2015-11-20 13:29:17',NULL),(794,57,153,'2015-11-20 13:29:17','2015-11-20 13:29:17',NULL),(795,57,150,'2015-11-20 13:29:17','2015-11-20 13:29:17',NULL),(796,57,156,'2015-11-20 13:29:17','2015-11-20 13:29:17',NULL),(797,57,154,'2015-11-20 13:29:17','2015-11-20 13:29:17',NULL),(798,57,151,'2015-11-20 13:29:17','2015-11-20 13:29:17',NULL),(799,57,148,'2015-11-20 13:29:17','2015-11-20 13:29:17',NULL),(800,57,155,'2015-11-20 13:29:17','2015-11-20 13:29:17',NULL),(801,57,149,'2015-11-20 13:29:17','2015-11-20 13:29:17',NULL),(802,57,152,'2015-11-20 13:29:17','2015-11-20 13:29:17',NULL);
/*!40000 ALTER TABLE `adv_pro_rels` ENABLE KEYS */;
UNLOCK TABLES;

--
-- Table structure for table `adverts`
--

DROP TABLE IF EXISTS `adverts`;
/*!40101 SET @saved_cs_client     = @@character_set_client */;
/*!40101 SET character_set_client = utf8 */;
CREATE TABLE `adverts` (
  `id` int(11) NOT NULL AUTO_INCREMENT,
  `price` float DEFAULT NULL,
  `description` text COLLATE utf8_unicode_ci,
  `created_at` datetime NOT NULL,
  `updated_at` datetime NOT NULL,
  `user_id` int(11) DEFAULT NULL,
  `state` varchar(255) COLLATE utf8_unicode_ci DEFAULT NULL,
  `year` varchar(255) COLLATE utf8_unicode_ci DEFAULT NULL,
  `body` varchar(255) COLLATE utf8_unicode_ci DEFAULT NULL,
  `color` varchar(255) COLLATE utf8_unicode_ci DEFAULT NULL,
  `mark` varchar(255) COLLATE utf8_unicode_ci DEFAULT NULL,
  `model` varchar(255) COLLATE utf8_unicode_ci DEFAULT NULL,
  `mileage` varchar(255) COLLATE utf8_unicode_ci DEFAULT NULL,
  `transmission` varchar(255) COLLATE utf8_unicode_ci DEFAULT NULL,
  `fuel_type` varchar(255) COLLATE utf8_unicode_ci DEFAULT NULL,
  `power` varchar(255) COLLATE utf8_unicode_ci DEFAULT NULL,
  `drive` varchar(255) COLLATE utf8_unicode_ci DEFAULT NULL,
  `number_of_doors` varchar(255) COLLATE utf8_unicode_ci DEFAULT NULL,
  `accident` varchar(255) COLLATE utf8_unicode_ci DEFAULT NULL,
  `requires_repair` varchar(255) COLLATE utf8_unicode_ci DEFAULT NULL,
  `additional` varchar(255) COLLATE utf8_unicode_ci DEFAULT NULL,
  `volume` varchar(255) COLLATE utf8_unicode_ci DEFAULT NULL,
  `country` varchar(255) COLLATE utf8_unicode_ci DEFAULT NULL,
  `city` varchar(255) COLLATE utf8_unicode_ci DEFAULT NULL,
  `partic_filter` varchar(255) COLLATE utf8_unicode_ci DEFAULT NULL,
  `number_of_seats` varchar(255) COLLATE utf8_unicode_ci DEFAULT NULL,
  `metalik` varchar(255) COLLATE utf8_unicode_ci DEFAULT NULL,
  `pearl` varchar(255) COLLATE utf8_unicode_ci DEFAULT NULL,
  `unpolished` varchar(255) COLLATE utf8_unicode_ci DEFAULT NULL,
  `akryl` varchar(255) COLLATE utf8_unicode_ci DEFAULT NULL,
  `wheel` varchar(255) COLLATE utf8_unicode_ci DEFAULT NULL,
  `seller` varchar(255) COLLATE utf8_unicode_ci DEFAULT NULL,
  PRIMARY KEY (`id`),
  KEY `index_adverts_on_user_id` (`user_id`)
) ENGINE=InnoDB DEFAULT CHARSET=utf8 COLLATE=utf8_unicode_ci;
/*!40101 SET character_set_client = @saved_cs_client */;

--
-- Dumping data for table `adverts`
--

LOCK TABLES `adverts` WRITE;
/*!40000 ALTER TABLE `adverts` DISABLE KEYS */;
/*!40000 ALTER TABLE `adverts` ENABLE KEYS */;
UNLOCK TABLES;

--
-- Table structure for table `groups`
--

DROP TABLE IF EXISTS `groups`;
/*!40101 SET @saved_cs_client     = @@character_set_client */;
/*!40101 SET character_set_client = utf8 */;
CREATE TABLE `groups` (
  `id` int(11) NOT NULL AUTO_INCREMENT,
  `name` varchar(255) COLLATE utf8_unicode_ci DEFAULT NULL,
  `created_at` datetime NOT NULL,
  `updated_at` datetime NOT NULL,
  PRIMARY KEY (`id`)
) ENGINE=InnoDB AUTO_INCREMENT=14 DEFAULT CHARSET=utf8 COLLATE=utf8_unicode_ci;
/*!40101 SET character_set_client = @saved_cs_client */;

--
-- Dumping data for table `groups`
--

LOCK TABLES `groups` WRITE;
/*!40000 ALTER TABLE `groups` DISABLE KEYS */;
INSERT INTO `groups` VALUES (13,'Основное','2015-10-13 16:33:30','2015-10-13 16:33:30');
/*!40000 ALTER TABLE `groups` ENABLE KEYS */;
UNLOCK TABLES;

--
-- Table structure for table `images`
--

DROP TABLE IF EXISTS `images`;
/*!40101 SET @saved_cs_client     = @@character_set_client */;
/*!40101 SET character_set_client = utf8 */;
CREATE TABLE `images` (
  `id` int(11) NOT NULL AUTO_INCREMENT,
  `title` varchar(255) COLLATE utf8_unicode_ci DEFAULT NULL,
  `advert_id` int(11) DEFAULT NULL,
  `created_at` datetime NOT NULL,
  `updated_at` datetime NOT NULL,
  `image_file_name` varchar(255) COLLATE utf8_unicode_ci DEFAULT NULL,
  `image_content_type` varchar(255) COLLATE utf8_unicode_ci DEFAULT NULL,
  `image_file_size` int(11) DEFAULT NULL,
  `image_updated_at` datetime DEFAULT NULL,
  PRIMARY KEY (`id`),
  KEY `index_images_on_advert_id` (`advert_id`)
) ENGINE=InnoDB DEFAULT CHARSET=utf8 COLLATE=utf8_unicode_ci;
/*!40101 SET character_set_client = @saved_cs_client */;

--
-- Dumping data for table `images`
--

LOCK TABLES `images` WRITE;
/*!40000 ALTER TABLE `images` DISABLE KEYS */;
/*!40000 ALTER TABLE `images` ENABLE KEYS */;
UNLOCK TABLES;

--
-- Table structure for table `lang_values`
--

DROP TABLE IF EXISTS `lang_values`;
/*!40101 SET @saved_cs_client     = @@character_set_client */;
/*!40101 SET character_set_client = utf8 */;
CREATE TABLE `lang_values` (
  `id` int(11) NOT NULL AUTO_INCREMENT,
  `value` varchar(255) COLLATE utf8_unicode_ci DEFAULT NULL,
  `lang_id` int(11) DEFAULT NULL,
  `property_id` int(11) DEFAULT NULL,
  `created_at` datetime NOT NULL,
  `updated_at` datetime NOT NULL,
  PRIMARY KEY (`id`),
  KEY `index_lang_values_on_lang_id` (`lang_id`),
  KEY `index_lang_values_on_property_id` (`property_id`)
) ENGINE=InnoDB AUTO_INCREMENT=81 DEFAULT CHARSET=utf8 COLLATE=utf8_unicode_ci;
/*!40101 SET character_set_client = @saved_cs_client */;

--
-- Dumping data for table `lang_values`
--

LOCK TABLES `lang_values` WRITE;
/*!40000 ALTER TABLE `lang_values` DISABLE KEYS */;
INSERT INTO `lang_values` VALUES (1,'Accident',1,53,'2015-10-15 15:50:53','2015-10-15 17:05:26'),(2,'Участвовала в аварии',2,53,'2015-10-15 15:50:53','2015-10-15 17:05:26'),(3,'Volume',1,56,'2015-10-15 15:55:49','2015-10-15 17:01:09'),(4,'Объем',2,56,'2015-10-15 15:55:49','2015-10-15 17:07:40'),(5,'Country',1,57,'2015-10-15 15:59:10','2015-10-15 17:03:17'),(6,'Страна',2,57,'2015-10-15 15:59:10','2015-10-15 17:03:17'),(7,'Additional',1,55,'2015-10-15 17:03:32','2015-10-15 17:03:58'),(8,'Дополнительные функции',2,55,'2015-10-15 17:03:32','2015-10-15 17:03:58'),(9,'Requires repair',1,54,'2015-10-15 17:04:10','2015-10-15 17:04:59'),(10,'Требуется ремонт',2,54,'2015-10-15 17:04:10','2015-10-15 17:04:59'),(11,'Тumber of doors',1,52,'2015-10-15 17:05:37','2015-10-15 17:06:01'),(12,'Количество дверей',2,52,'2015-10-15 17:05:37','2015-10-15 17:06:01'),(13,'Drive',1,51,'2015-10-15 17:06:27','2015-10-15 17:06:40'),(14,'Привод',2,51,'2015-10-15 17:06:27','2015-10-15 17:06:40'),(15,'Power',1,50,'2015-10-15 17:06:51','2015-10-15 17:07:28'),(16,'Мощность',2,50,'2015-10-15 17:06:51','2015-10-15 17:07:28'),(17,'Fuel type',1,49,'2015-10-15 17:07:51','2015-10-15 17:08:07'),(18,'Тип топлива',2,49,'2015-10-15 17:07:51','2015-10-15 17:08:07'),(19,'Transmission',1,48,'2015-10-15 17:08:27','2015-10-15 17:08:39'),(20,'Коробка передач',2,48,'2015-10-15 17:08:27','2015-10-15 17:08:39'),(21,'Mileage',1,47,'2015-10-15 17:08:49','2015-10-15 17:08:58'),(22,'Пробег',2,47,'2015-10-15 17:08:49','2015-10-15 17:08:58'),(23,'Mark',1,44,'2015-10-15 17:09:08','2015-10-15 17:09:16'),(24,'Марка',2,44,'2015-10-15 17:09:08','2015-10-15 17:09:16'),(25,'Сolor',1,43,'2015-10-15 17:09:24','2015-10-15 17:09:35'),(26,'Цвет',2,43,'2015-10-15 17:09:24','2015-10-15 17:09:35'),(27,'Body',1,42,'2015-10-15 17:09:45','2015-10-15 17:09:56'),(28,'Тип кузова',2,42,'2015-10-15 17:09:45','2015-10-15 17:09:56'),(29,'Year',1,41,'2015-10-15 17:10:05','2015-10-15 17:10:13'),(30,'Год',2,41,'2015-10-15 17:10:05','2015-10-15 17:10:13'),(31,'State',1,40,'2015-10-15 17:10:20','2015-10-15 17:10:30'),(32,'Состояние',2,40,'2015-10-15 17:10:20','2015-10-15 17:10:30'),(33,NULL,NULL,NULL,'2015-10-15 17:38:02','2015-10-15 17:38:02'),(34,NULL,NULL,NULL,'2015-10-15 17:38:02','2015-10-15 17:38:02'),(35,NULL,NULL,NULL,'2015-10-15 17:38:02','2015-10-15 17:38:02'),(36,NULL,NULL,NULL,'2015-10-15 17:38:02','2015-10-15 17:38:02'),(37,NULL,NULL,NULL,'2015-10-15 17:38:02','2015-10-15 17:38:02'),(38,NULL,NULL,NULL,'2015-10-15 17:38:03','2015-10-15 17:38:03'),(39,NULL,NULL,NULL,'2015-10-15 17:38:03','2015-10-15 17:38:03'),(40,NULL,NULL,NULL,'2015-10-15 17:38:03','2015-10-15 17:38:03'),(41,NULL,NULL,NULL,'2015-10-15 17:38:03','2015-10-15 17:38:03'),(42,NULL,NULL,NULL,'2015-10-15 17:38:03','2015-10-15 17:38:03'),(43,NULL,NULL,NULL,'2015-10-15 17:38:03','2015-10-15 17:38:03'),(44,NULL,NULL,NULL,'2015-10-15 17:38:03','2015-10-15 17:38:03'),(45,NULL,NULL,NULL,'2015-10-15 17:38:03','2015-10-15 17:38:03'),(46,NULL,NULL,NULL,'2015-10-15 17:38:03','2015-10-15 17:38:03'),(47,NULL,NULL,NULL,'2015-10-15 17:38:03','2015-10-15 17:38:03'),(48,NULL,NULL,NULL,'2015-10-15 17:38:03','2015-10-15 17:38:03'),(49,NULL,NULL,NULL,'2015-10-15 17:38:14','2015-10-15 17:38:14'),(50,NULL,NULL,NULL,'2015-10-15 17:38:14','2015-10-15 17:38:14'),(51,NULL,NULL,NULL,'2015-10-15 17:38:14','2015-10-15 17:38:14'),(52,NULL,NULL,NULL,'2015-10-15 17:38:14','2015-10-15 17:38:14'),(53,NULL,NULL,NULL,'2015-10-15 17:38:14','2015-10-15 17:38:14'),(54,NULL,NULL,NULL,'2015-10-15 17:38:14','2015-10-15 17:38:14'),(55,NULL,NULL,NULL,'2015-10-15 17:38:14','2015-10-15 17:38:14'),(56,NULL,NULL,NULL,'2015-10-15 17:38:14','2015-10-15 17:38:14'),(57,NULL,NULL,NULL,'2015-10-15 17:38:14','2015-10-15 17:38:14'),(58,NULL,NULL,NULL,'2015-10-15 17:38:14','2015-10-15 17:38:14'),(59,NULL,NULL,NULL,'2015-10-15 17:38:14','2015-10-15 17:38:14'),(60,NULL,NULL,NULL,'2015-10-15 17:38:14','2015-10-15 17:38:14'),(61,NULL,NULL,NULL,'2015-10-15 17:38:14','2015-10-15 17:38:14'),(62,NULL,NULL,NULL,'2015-10-15 17:38:14','2015-10-15 17:38:14'),(63,NULL,NULL,NULL,'2015-10-15 17:38:14','2015-10-15 17:38:14'),(64,NULL,NULL,NULL,'2015-10-15 17:38:14','2015-10-15 17:38:14'),(65,'Particulate Filter',1,58,'2015-10-20 12:47:58','2015-10-20 12:48:33'),(66,'Сажевый фильтр',2,58,'2015-10-20 12:47:58','2015-10-20 12:48:33'),(67,'Number of seats',1,59,'2015-10-20 15:23:40','2015-10-20 15:23:57'),(68,'Количество мест',2,59,'2015-10-20 15:23:40','2015-10-20 15:23:57'),(69,'Metalik',1,60,'2015-10-20 15:45:52','2015-10-20 15:46:02'),(70,'Металик',2,60,'2015-10-20 15:45:52','2015-10-20 15:46:02'),(71,'Pearl',1,61,'2015-10-20 15:48:02','2015-10-20 15:48:13'),(72,'Жемчуг',2,61,'2015-10-20 15:48:02','2015-10-20 15:48:13'),(73,'Unpolished',1,62,'2015-10-20 15:49:16','2015-10-20 15:49:36'),(74,'Неотполированный',2,62,'2015-10-20 15:49:16','2015-10-20 15:49:36'),(75,'Acrylic (non-metallic)',1,63,'2015-10-20 15:50:26','2015-10-20 15:50:36'),(76,'Акриловые (неметаллических)',2,63,'2015-10-20 15:50:26','2015-10-20 15:50:36'),(77,'The steering wheel on the right (Englishman)',1,64,'2015-10-20 15:51:22','2015-10-20 15:51:39'),(78,'Рулевое колесо справа (англичанин)',2,64,'2015-10-20 15:51:22','2015-10-20 15:51:39'),(79,'Seller',1,65,'2015-11-17 11:11:19','2015-11-17 11:11:26'),(80,'Продавец',2,65,'2015-11-17 11:11:19','2015-11-17 11:11:26');
/*!40000 ALTER TABLE `lang_values` ENABLE KEYS */;
UNLOCK TABLES;

--
-- Table structure for table `langs`
--

DROP TABLE IF EXISTS `langs`;
/*!40101 SET @saved_cs_client     = @@character_set_client */;
/*!40101 SET character_set_client = utf8 */;
CREATE TABLE `langs` (
  `id` int(11) NOT NULL AUTO_INCREMENT,
  `short_name` varchar(255) COLLATE utf8_unicode_ci DEFAULT NULL,
  `long_name` varchar(255) COLLATE utf8_unicode_ci DEFAULT NULL,
  `created_at` datetime NOT NULL,
  `updated_at` datetime NOT NULL,
  PRIMARY KEY (`id`)
) ENGINE=InnoDB AUTO_INCREMENT=3 DEFAULT CHARSET=utf8 COLLATE=utf8_unicode_ci;
/*!40101 SET character_set_client = @saved_cs_client */;

--
-- Dumping data for table `langs`
--

LOCK TABLES `langs` WRITE;
/*!40000 ALTER TABLE `langs` DISABLE KEYS */;
INSERT INTO `langs` VALUES (1,'en','Englisg','2015-10-15 14:06:52','2015-10-15 14:06:52'),(2,'ru','Русский','2015-10-15 14:07:01','2015-10-15 14:07:01');
/*!40000 ALTER TABLE `langs` ENABLE KEYS */;
UNLOCK TABLES;

--
-- Table structure for table `models`
--

DROP TABLE IF EXISTS `models`;
/*!40101 SET @saved_cs_client     = @@character_set_client */;
/*!40101 SET character_set_client = utf8 */;
CREATE TABLE `models` (
  `id` int(11) NOT NULL AUTO_INCREMENT,
  `email` varchar(255) COLLATE utf8_unicode_ci NOT NULL DEFAULT '',
  `encrypted_password` varchar(255) COLLATE utf8_unicode_ci NOT NULL DEFAULT '',
  `reset_password_token` varchar(255) COLLATE utf8_unicode_ci DEFAULT NULL,
  `reset_password_sent_at` datetime DEFAULT NULL,
  `remember_created_at` datetime DEFAULT NULL,
  `sign_in_count` int(11) NOT NULL DEFAULT '0',
  `current_sign_in_at` datetime DEFAULT NULL,
  `last_sign_in_at` datetime DEFAULT NULL,
  `current_sign_in_ip` varchar(255) COLLATE utf8_unicode_ci DEFAULT NULL,
  `last_sign_in_ip` varchar(255) COLLATE utf8_unicode_ci DEFAULT NULL,
  `created_at` datetime NOT NULL,
  `updated_at` datetime NOT NULL,
  PRIMARY KEY (`id`),
  UNIQUE KEY `index_models_on_email` (`email`),
  UNIQUE KEY `index_models_on_reset_password_token` (`reset_password_token`)
) ENGINE=InnoDB DEFAULT CHARSET=utf8 COLLATE=utf8_unicode_ci;
/*!40101 SET character_set_client = @saved_cs_client */;

--
-- Dumping data for table `models`
--

LOCK TABLES `models` WRITE;
/*!40000 ALTER TABLE `models` DISABLE KEYS */;
/*!40000 ALTER TABLE `models` ENABLE KEYS */;
UNLOCK TABLES;

--
-- Table structure for table `page_lang_rels`
--

DROP TABLE IF EXISTS `page_lang_rels`;
/*!40101 SET @saved_cs_client     = @@character_set_client */;
/*!40101 SET character_set_client = utf8 */;
CREATE TABLE `page_lang_rels` (
  `id` int(11) NOT NULL AUTO_INCREMENT,
  `title` varchar(255) COLLATE utf8_unicode_ci DEFAULT NULL,
  `text` text COLLATE utf8_unicode_ci,
  `lang_id` int(11) DEFAULT NULL,
  `page_id` int(11) DEFAULT NULL,
  `created_at` datetime NOT NULL,
  `updated_at` datetime NOT NULL,
  PRIMARY KEY (`id`)
) ENGINE=InnoDB DEFAULT CHARSET=utf8 COLLATE=utf8_unicode_ci;
/*!40101 SET character_set_client = @saved_cs_client */;

--
-- Dumping data for table `page_lang_rels`
--

LOCK TABLES `page_lang_rels` WRITE;
/*!40000 ALTER TABLE `page_lang_rels` DISABLE KEYS */;
/*!40000 ALTER TABLE `page_lang_rels` ENABLE KEYS */;
UNLOCK TABLES;

--
-- Table structure for table `pages`
--

DROP TABLE IF EXISTS `pages`;
/*!40101 SET @saved_cs_client     = @@character_set_client */;
/*!40101 SET character_set_client = utf8 */;
CREATE TABLE `pages` (
  `id` int(11) NOT NULL AUTO_INCREMENT,
  `name` varchar(255) COLLATE utf8_unicode_ci DEFAULT NULL,
  `href` varchar(255) COLLATE utf8_unicode_ci DEFAULT NULL,
  `created_at` datetime NOT NULL,
  `updated_at` datetime NOT NULL,
  PRIMARY KEY (`id`)
) ENGINE=InnoDB AUTO_INCREMENT=7 DEFAULT CHARSET=utf8 COLLATE=utf8_unicode_ci;
/*!40101 SET character_set_client = @saved_cs_client */;

--
-- Dumping data for table `pages`
--

LOCK TABLES `pages` WRITE;
/*!40000 ALTER TABLE `pages` DISABLE KEYS */;
INSERT INTO `pages` VALUES (1,'info','info','2015-10-29 08:14:57','2015-10-29 08:14:57'),(2,'dealers','dealers','2015-10-29 08:15:43','2015-10-29 08:15:43'),(3,'about','about','2015-10-29 08:15:59','2015-10-29 08:15:59'),(4,'help','help','2015-10-29 08:16:11','2015-10-29 08:16:11'),(5,'conditions','conditions','2015-10-29 08:16:49','2015-10-29 08:16:49'),(6,'privacy','privacy','2015-10-29 08:17:28','2015-10-29 08:17:28');
/*!40000 ALTER TABLE `pages` ENABLE KEYS */;
UNLOCK TABLES;

--
-- Table structure for table `prop_vals`
--

DROP TABLE IF EXISTS `prop_vals`;
/*!40101 SET @saved_cs_client     = @@character_set_client */;
/*!40101 SET character_set_client = utf8 */;
CREATE TABLE `prop_vals` (
  `id` int(11) NOT NULL AUTO_INCREMENT,
  `title` varchar(255) COLLATE utf8_unicode_ci DEFAULT NULL,
  `color` varchar(255) COLLATE utf8_unicode_ci DEFAULT NULL,
  `img` varchar(255) COLLATE utf8_unicode_ci DEFAULT NULL,
  `property_id` int(11) DEFAULT NULL,
  `created_at` datetime NOT NULL,
  `updated_at` datetime NOT NULL,
  `image_file_name` varchar(255) COLLATE utf8_unicode_ci DEFAULT NULL,
  `image_content_type` varchar(255) COLLATE utf8_unicode_ci DEFAULT NULL,
  `image_file_size` int(11) DEFAULT NULL,
  `image_updated_at` datetime DEFAULT NULL,
  `prop_val_id` int(11) DEFAULT NULL,
  PRIMARY KEY (`id`),
  KEY `index_prop_vals_on_property_id` (`property_id`),
  KEY `index_prop_vals_on_prop_val_id` (`prop_val_id`)
) ENGINE=InnoDB AUTO_INCREMENT=223 DEFAULT CHARSET=utf8 COLLATE=utf8_unicode_ci;
/*!40101 SET character_set_client = @saved_cs_client */;

--
-- Dumping data for table `prop_vals`
--

LOCK TABLES `prop_vals` WRITE;
/*!40000 ALTER TABLE `prop_vals` DISABLE KEYS */;
INSERT INTO `prop_vals` VALUES (42,'ewqeqwewqe','ewqewqe',NULL,NULL,'2015-09-24 14:19:39','2015-09-25 10:51:56','Снимок_экрана_2015-09-24_в_20.19.53.png','image/png',142877,'2015-09-25 10:51:55',NULL),(46,'wdwq','dwqd',NULL,NULL,'2015-09-25 10:52:16','2015-09-25 10:52:16','Снимок_экрана_2015-09-03_в_16.40.22.png','image/png',188047,'2015-09-25 10:52:15',NULL),(47,'fgb','fdbdf',NULL,NULL,'2015-09-30 12:30:49','2015-09-30 12:30:49',NULL,NULL,NULL,NULL,NULL),(52,'Частное лицо','undefined',NULL,28,'2015-10-01 06:45:39','2015-10-01 06:45:39',NULL,NULL,NULL,NULL,NULL),(53,'Дилер','undefined',NULL,28,'2015-10-01 06:45:48','2015-10-01 06:45:48',NULL,NULL,NULL,NULL,NULL),(54,'Россия','undefined',NULL,29,'2015-10-01 06:46:39','2015-10-01 06:46:39',NULL,NULL,NULL,NULL,NULL),(55,'Германия','undefined',NULL,29,'2015-10-01 06:46:46','2015-10-01 06:46:46',NULL,NULL,NULL,NULL,NULL),(56,'Италия','undefined',NULL,29,'2015-10-01 06:46:52','2015-10-01 06:46:52',NULL,NULL,NULL,NULL,NULL),(57,'Новое авто','undefined',NULL,31,'2015-10-01 06:47:57','2015-10-01 06:47:57',NULL,NULL,NULL,NULL,NULL),(58,'Б/У','undefined',NULL,31,'2015-10-01 06:48:04','2015-10-01 06:48:04',NULL,NULL,NULL,NULL,NULL),(59,'Бензин','undefined',NULL,32,'2015-10-01 07:34:21','2015-10-01 07:34:21',NULL,NULL,NULL,NULL,NULL),(60,'Дизель','undefined',NULL,32,'2015-10-01 07:34:28','2015-10-01 07:34:28',NULL,NULL,NULL,NULL,NULL),(61,'Эталон','undefined',NULL,32,'2015-10-01 07:34:50','2015-10-01 07:34:50',NULL,NULL,NULL,NULL,NULL),(62,'Электро','undefined',NULL,32,'2015-10-01 07:34:58','2015-10-01 07:34:58',NULL,NULL,NULL,NULL,NULL),(63,'Природный газ','undefined',NULL,32,'2015-10-01 07:35:11','2015-10-01 07:35:11',NULL,NULL,NULL,NULL,NULL),(64,'Водород','undefined',NULL,32,'2015-10-01 07:35:22','2015-10-01 07:35:22',NULL,NULL,NULL,NULL,NULL),(65,'Другое','undefined',NULL,32,'2015-10-01 07:35:30','2015-10-01 07:35:30',NULL,NULL,NULL,NULL,NULL),(66,'Acura','undefined',NULL,34,'2015-10-05 03:44:45','2015-10-05 03:44:45',NULL,NULL,NULL,NULL,NULL),(67,'Alfa','undefined',NULL,34,'2015-10-05 03:44:52','2015-10-05 03:44:52',NULL,NULL,NULL,NULL,NULL),(68,'Alpina','undefined',NULL,34,'2015-10-05 03:45:01','2015-10-05 03:45:01',NULL,NULL,NULL,NULL,NULL),(69,'Aston Martin','undefined',NULL,34,'2015-10-05 03:45:12','2015-10-05 03:45:12',NULL,NULL,NULL,NULL,NULL),(70,'Audi','undefined',NULL,34,'2015-10-05 03:45:20','2015-10-05 03:45:20',NULL,NULL,NULL,NULL,NULL),(71,'Bentley','undefined',NULL,34,'2015-10-05 03:45:29','2015-10-05 03:45:29',NULL,NULL,NULL,NULL,NULL),(72,'BMW','undefined',NULL,34,'2015-10-05 03:45:36','2015-10-05 03:45:36',NULL,NULL,NULL,NULL,NULL),(73,'Brilliance','undefined',NULL,34,'2015-10-05 03:45:45','2015-10-05 03:45:45',NULL,NULL,NULL,NULL,NULL),(76,'1','undefined',NULL,NULL,'2015-10-05 04:21:09','2015-10-05 04:21:09',NULL,NULL,NULL,NULL,73),(77,'2','undefined',NULL,NULL,'2015-10-05 04:21:12','2015-10-05 04:21:12',NULL,NULL,NULL,NULL,73),(78,'3','undefined',NULL,NULL,'2015-10-05 04:21:15','2015-10-05 04:21:15',NULL,NULL,NULL,NULL,73),(79,'4','undefined',NULL,NULL,'2015-10-05 04:21:18','2015-10-05 04:21:18',NULL,NULL,NULL,NULL,73),(80,'1','undefined',NULL,NULL,'2015-10-05 04:21:25','2015-10-05 04:21:25',NULL,NULL,NULL,NULL,72),(81,'2','undefined',NULL,NULL,'2015-10-05 04:21:28','2015-10-05 04:21:28',NULL,NULL,NULL,NULL,72),(82,'3','undefined',NULL,NULL,'2015-10-05 04:21:31','2015-10-05 04:21:31',NULL,NULL,NULL,NULL,72),(83,'4','undefined',NULL,NULL,'2015-10-05 04:21:34','2015-10-05 04:21:34',NULL,NULL,NULL,NULL,72),(84,'Бензин','undefined',NULL,35,'2015-10-05 21:44:35','2015-10-05 21:44:35',NULL,NULL,NULL,NULL,NULL),(86,'Газ','green',NULL,36,'2015-10-13 12:57:47','2015-10-13 12:57:47','Снимок_экрана_2015-09-10_в_13.05.42.png','image/png',938027,'2015-10-13 12:57:47',NULL),(87,'Газ','green',NULL,36,'2015-10-13 12:57:58','2015-10-13 12:57:58','Снимок_экрана_2015-09-10_в_13.05.42.png','image/png',938027,'2015-10-13 12:57:58',NULL),(91,'Acura','11',NULL,37,'2015-10-13 14:12:25','2015-10-13 14:12:25',NULL,NULL,NULL,NULL,NULL),(92,'1','wad',NULL,NULL,'2015-10-13 15:02:49','2015-10-13 15:02:49',NULL,NULL,NULL,NULL,91),(93,'1','wad',NULL,NULL,'2015-10-13 15:02:59','2015-10-13 15:02:59',NULL,NULL,NULL,NULL,91),(94,'3','ffwe',NULL,NULL,'2015-10-13 15:03:56','2015-10-13 15:03:56','Снимок_экрана_2015-09-03_в_16.40.34.png','image/png',175301,'2015-10-13 15:03:56',91),(95,'knk','k',NULL,NULL,'2015-10-13 15:04:08','2015-10-13 15:04:08',NULL,NULL,NULL,NULL,94),(96,'Блютуз','undefined',NULL,39,'2015-10-13 16:03:16','2015-10-13 16:03:16',NULL,NULL,NULL,NULL,NULL),(97,'Датчик света','undefined',NULL,39,'2015-10-13 16:03:24','2015-10-13 16:03:24',NULL,NULL,NULL,NULL,NULL),(98,'Датчик дождя','undefined',NULL,39,'2015-10-13 16:03:37','2015-10-13 16:03:37',NULL,NULL,NULL,NULL,NULL),(99,'Новое авто','undefined',NULL,40,'2015-10-13 16:22:33','2015-10-13 16:22:33',NULL,NULL,NULL,NULL,NULL),(100,'Б/У','undefined',NULL,40,'2015-10-13 16:22:46','2015-10-13 16:22:46',NULL,NULL,NULL,NULL,NULL),(101,'Седан','undefined',NULL,42,'2015-10-13 16:24:20','2015-10-13 16:24:20',NULL,NULL,NULL,NULL,NULL),(102,'Хэтчбек','undefined',NULL,42,'2015-10-13 16:24:41','2015-10-13 16:24:41',NULL,NULL,NULL,NULL,NULL),(103,'Внедорожник','undefined',NULL,42,'2015-10-13 16:25:02','2015-10-13 16:25:02',NULL,NULL,NULL,NULL,NULL),(104,'Универсал','undefined',NULL,42,'2015-10-13 16:25:16','2015-10-13 16:25:16',NULL,NULL,NULL,NULL,NULL),(105,'Купе','undefined',NULL,42,'2015-10-13 16:25:34','2015-10-13 16:25:34',NULL,NULL,NULL,NULL,NULL),(106,'Минивэн','undefined',NULL,42,'2015-10-13 16:25:41','2015-10-13 16:25:41',NULL,NULL,NULL,NULL,NULL),(107,'Пикап','undefined',NULL,42,'2015-10-13 16:25:54','2015-10-13 16:25:54',NULL,NULL,NULL,NULL,NULL),(108,'Лимузин','undefined',NULL,42,'2015-10-13 16:26:01','2015-10-13 16:26:01',NULL,NULL,NULL,NULL,NULL),(109,'Фургон','undefined',NULL,42,'2015-10-13 16:26:14','2015-10-13 16:26:14',NULL,NULL,NULL,NULL,NULL),(110,'Кабриолет','undefined',NULL,42,'2015-10-13 16:26:21','2015-10-13 16:26:21',NULL,NULL,NULL,NULL,NULL),(112,'Черный','black',NULL,43,'2015-10-13 16:27:38','2015-10-13 16:27:38',NULL,NULL,NULL,NULL,NULL),(113,'Зеленый','green',NULL,43,'2015-10-13 16:27:58','2015-10-13 16:27:58',NULL,NULL,NULL,NULL,NULL),(114,'Синий','blue',NULL,43,'2015-10-13 16:28:18','2015-10-13 16:28:18',NULL,NULL,NULL,NULL,NULL),(115,'Каричневый','brown',NULL,43,'2015-10-13 16:28:59','2015-10-13 16:28:59',NULL,NULL,NULL,NULL,NULL),(116,'Желтый','yellow',NULL,43,'2015-10-13 16:29:14','2015-10-13 16:29:14',NULL,NULL,NULL,NULL,NULL),(117,'Серый','gray',NULL,43,'2015-10-13 16:29:39','2015-10-13 16:29:39',NULL,NULL,NULL,NULL,NULL),(118,'Оранжевый','orange',NULL,43,'2015-10-13 16:30:03','2015-10-13 16:30:03',NULL,NULL,NULL,NULL,NULL),(119,'Феолетовый','purple',NULL,43,'2015-10-13 16:30:27','2015-10-13 16:30:27',NULL,NULL,NULL,NULL,NULL),(120,'Красный','red',NULL,43,'2015-10-13 16:30:43','2015-10-13 16:30:43',NULL,NULL,NULL,NULL,NULL),(123,'Другой','white',NULL,43,'2015-10-13 16:31:42','2015-10-13 16:31:42',NULL,NULL,NULL,NULL,NULL),(124,'BMW','undefined',NULL,44,'2015-10-13 16:34:03','2015-10-13 16:34:03',NULL,NULL,NULL,NULL,NULL),(125,'X5','undefined',NULL,NULL,'2015-10-13 16:34:15','2015-10-13 16:34:15',NULL,NULL,NULL,NULL,124),(126,'X6','undefined',NULL,NULL,'2015-10-13 16:34:20','2015-10-13 16:34:20',NULL,NULL,NULL,NULL,124),(127,'M6','undefined',NULL,NULL,'2015-10-13 16:34:26','2015-10-13 16:34:26',NULL,NULL,NULL,NULL,124),(128,'M5','undefined',NULL,NULL,'2015-10-13 16:34:36','2015-10-13 16:34:36',NULL,NULL,NULL,NULL,124),(129,'Ручная','undefined',NULL,48,'2015-10-13 18:25:18','2015-10-13 18:25:18',NULL,NULL,NULL,NULL,NULL),(130,'Автоматическа','undefined',NULL,48,'2015-10-13 18:25:26','2015-10-13 18:25:26',NULL,NULL,NULL,NULL,NULL),(131,'Бензин','undefined',NULL,49,'2015-10-13 18:26:32','2015-10-13 18:26:32',NULL,NULL,NULL,NULL,NULL),(132,'Газ','undefined',NULL,49,'2015-10-13 18:26:38','2015-10-13 18:26:38',NULL,NULL,NULL,NULL,NULL),(133,'Передний','undefined',NULL,51,'2015-10-13 18:28:00','2015-10-13 18:28:00',NULL,NULL,NULL,NULL,NULL),(134,'Задний','undefined',NULL,51,'2015-10-13 18:28:06','2015-10-13 18:28:06',NULL,NULL,NULL,NULL,NULL),(135,'Полный','undefined',NULL,51,'2015-10-13 18:28:11','2015-10-13 18:28:11',NULL,NULL,NULL,NULL,NULL),(137,'2','undefined',NULL,52,'2015-10-13 18:28:58','2015-10-13 18:28:58',NULL,NULL,NULL,NULL,NULL),(138,'3','undefined',NULL,52,'2015-10-13 18:29:00','2015-10-13 18:29:00',NULL,NULL,NULL,NULL,NULL),(139,'4','undefined',NULL,52,'2015-10-13 18:29:05','2015-10-13 18:29:05',NULL,NULL,NULL,NULL,NULL),(140,'5','undefined',NULL,52,'2015-10-13 18:29:08','2015-10-13 18:29:08',NULL,NULL,NULL,NULL,NULL),(141,'6','undefined',NULL,52,'2015-10-13 18:29:13','2015-10-13 18:29:13',NULL,NULL,NULL,NULL,NULL),(142,'7','undefined',NULL,52,'2015-10-13 18:29:16','2015-10-13 18:29:16',NULL,NULL,NULL,NULL,NULL),(143,'Да','undefined',NULL,53,'2015-10-13 18:29:54','2015-10-13 18:29:54',NULL,NULL,NULL,NULL,NULL),(144,'Нет','undefined',NULL,53,'2015-10-13 18:29:58','2015-10-13 18:29:58',NULL,NULL,NULL,NULL,NULL),(145,'Да','undefined',NULL,54,'2015-10-13 18:30:27','2015-10-13 18:30:27',NULL,NULL,NULL,NULL,NULL),(146,'Нет','undefined',NULL,54,'2015-10-13 18:30:31','2015-10-13 18:30:31',NULL,NULL,NULL,NULL,NULL),(147,'ABC','undefined',NULL,55,'2015-10-13 18:31:28','2015-10-13 18:31:28',NULL,NULL,NULL,NULL,NULL),(148,'Датчик Сумерки','undefined',NULL,55,'2015-10-13 18:31:38','2015-10-13 18:31:38',NULL,NULL,NULL,NULL,NULL),(149,'Многофункциональный руль','undefined',NULL,55,'2015-10-13 18:31:47','2015-10-13 18:31:47',NULL,NULL,NULL,NULL,NULL),(150,'Bluetooth','undefined',NULL,55,'2015-10-13 18:31:56','2015-10-13 18:31:56',NULL,NULL,NULL,NULL,NULL),(151,'Датчик дождя','undefined',NULL,55,'2015-10-13 18:32:05','2015-10-13 18:32:05',NULL,NULL,NULL,NULL,NULL),(152,'Задние датчики парковки','undefined',NULL,55,'2015-10-13 18:32:13','2015-10-13 18:32:13',NULL,NULL,NULL,NULL,NULL),(153,'Датчик Сумерки','undefined',NULL,55,'2015-10-13 18:32:21','2015-10-13 18:32:21',NULL,NULL,NULL,NULL,NULL),(154,'Многофункциональный руль','undefined',NULL,55,'2015-10-13 18:32:33','2015-10-13 18:32:33',NULL,NULL,NULL,NULL,NULL),(155,'Bluetooth','undefined',NULL,55,'2015-10-13 18:32:41','2015-10-13 18:32:41',NULL,NULL,NULL,NULL,NULL),(156,'Датчик дождя','undefined',NULL,55,'2015-10-13 18:32:47','2015-10-13 18:32:47',NULL,NULL,NULL,NULL,NULL),(157,'Задние датчики парковки','undefined',NULL,55,'2015-10-13 18:32:59','2015-10-13 18:32:59',NULL,NULL,NULL,NULL,NULL),(158,'Mers','undefined',NULL,44,'2015-10-13 20:39:45','2015-10-13 20:39:45',NULL,NULL,NULL,NULL,NULL),(159,'124','',NULL,NULL,'2015-10-13 20:40:04','2015-10-13 20:40:04',NULL,NULL,NULL,NULL,158),(160,'Россия','undefined',NULL,57,'2015-10-14 21:09:05','2015-10-14 21:09:05',NULL,NULL,NULL,NULL,NULL),(161,'Москва','undefined',NULL,NULL,'2015-10-14 21:09:14','2015-10-14 21:09:14',NULL,NULL,NULL,NULL,160),(162,'Каспийск','undefined',NULL,NULL,'2015-10-14 21:09:28','2015-10-14 21:09:28',NULL,NULL,NULL,NULL,160),(168,'Toyota','undefined',NULL,44,'2015-10-17 07:37:40','2015-10-17 07:37:40',NULL,NULL,NULL,NULL,NULL),(169,'GT86','undefined',NULL,NULL,'2015-10-17 07:37:52','2015-10-17 07:37:52',NULL,NULL,NULL,NULL,168),(171,'Значение','undefined',NULL,64,'2015-10-22 09:09:41','2015-10-22 09:09:41',NULL,NULL,NULL,NULL,NULL),(172,'Значение','undefined',NULL,63,'2015-10-22 09:09:50','2015-10-22 09:09:50',NULL,NULL,NULL,NULL,NULL),(173,'Значение','undefined',NULL,62,'2015-10-22 09:10:01','2015-10-22 09:10:01',NULL,NULL,NULL,NULL,NULL),(174,'Значение','undefined',NULL,61,'2015-10-22 09:10:28','2015-10-22 09:10:28',NULL,NULL,NULL,NULL,NULL),(175,'Значение','undefined',NULL,60,'2015-10-22 09:10:39','2015-10-22 09:10:39',NULL,NULL,NULL,NULL,NULL),(176,'Значение','undefined',NULL,58,'2015-10-22 09:10:54','2015-10-22 09:10:54',NULL,NULL,NULL,NULL,NULL),(177,'2015','undefined',NULL,41,'2015-11-01 10:24:31','2015-11-01 10:24:31',NULL,NULL,NULL,NULL,NULL),(178,'2014','undefined',NULL,41,'2015-11-01 10:24:36','2015-11-01 10:24:36',NULL,NULL,NULL,NULL,NULL),(179,'2013','undefined',NULL,41,'2015-11-01 10:24:39','2015-11-01 10:24:39',NULL,NULL,NULL,NULL,NULL),(180,'2012','undefined',NULL,41,'2015-11-01 10:24:45','2015-11-01 10:24:45',NULL,NULL,NULL,NULL,NULL),(181,'2011','undefined',NULL,41,'2015-11-01 10:24:50','2015-11-01 10:24:50',NULL,NULL,NULL,NULL,NULL),(182,'2010','undefined',NULL,41,'2015-11-01 10:24:54','2015-11-01 10:24:54',NULL,NULL,NULL,NULL,NULL),(183,'2009','undefined',NULL,41,'2015-11-01 10:24:58','2015-11-01 10:24:58',NULL,NULL,NULL,NULL,NULL),(184,'2008','undefined',NULL,41,'2015-11-01 10:25:02','2015-11-01 10:25:02',NULL,NULL,NULL,NULL,NULL),(185,'2007','undefined',NULL,41,'2015-11-01 10:25:11','2015-11-01 10:25:11',NULL,NULL,NULL,NULL,NULL),(186,'2006','undefined',NULL,41,'2015-11-01 10:25:16','2015-11-01 10:25:16',NULL,NULL,NULL,NULL,NULL),(187,'2005','undefined',NULL,41,'2015-11-01 10:25:30','2015-11-01 10:25:30',NULL,NULL,NULL,NULL,NULL),(188,'2004','undefined',NULL,41,'2015-11-01 10:26:00','2015-11-01 10:26:00',NULL,NULL,NULL,NULL,NULL),(189,'2003','undefined',NULL,41,'2015-11-01 10:26:04','2015-11-01 10:26:04',NULL,NULL,NULL,NULL,NULL),(190,'2002','undefined',NULL,41,'2015-11-01 10:26:08','2015-11-01 10:26:08',NULL,NULL,NULL,NULL,NULL),(191,'2001','undefined',NULL,41,'2015-11-01 10:26:12','2015-11-01 10:26:12',NULL,NULL,NULL,NULL,NULL),(192,'2000','undefined',NULL,41,'2015-11-01 10:26:15','2015-11-01 10:26:15',NULL,NULL,NULL,NULL,NULL),(193,'1999','undefined',NULL,41,'2015-11-01 10:26:19','2015-11-01 10:26:19',NULL,NULL,NULL,NULL,NULL),(194,'1998','undefined',NULL,41,'2015-11-01 10:26:25','2015-11-01 10:26:25',NULL,NULL,NULL,NULL,NULL),(195,'1997','undefined',NULL,41,'2015-11-01 10:26:32','2015-11-01 10:26:32',NULL,NULL,NULL,NULL,NULL),(196,'1996','undefined',NULL,41,'2015-11-01 10:26:35','2015-11-01 10:26:35',NULL,NULL,NULL,NULL,NULL),(197,'1995','undefined',NULL,41,'2015-11-01 10:26:39','2015-11-01 10:26:39',NULL,NULL,NULL,NULL,NULL),(198,'1994','undefined',NULL,41,'2015-11-01 10:26:42','2015-11-01 10:26:42',NULL,NULL,NULL,NULL,NULL),(199,'1993','undefined',NULL,41,'2015-11-01 10:26:45','2015-11-01 10:26:45',NULL,NULL,NULL,NULL,NULL),(200,'1992','undefined',NULL,41,'2015-11-01 10:26:49','2015-11-01 10:26:49',NULL,NULL,NULL,NULL,NULL),(201,'1991','undefined',NULL,41,'2015-11-01 10:26:55','2015-11-01 10:26:55',NULL,NULL,NULL,NULL,NULL),(202,'1990','undefined',NULL,41,'2015-11-01 10:26:59','2015-11-01 10:26:59',NULL,NULL,NULL,NULL,NULL),(204,'Частное лицо','undefined',NULL,65,'2015-11-17 11:11:11','2015-11-17 11:11:11',NULL,NULL,NULL,NULL,NULL),(205,'Дилер','undefined',NULL,65,'2015-11-17 11:11:17','2015-11-17 11:11:17',NULL,NULL,NULL,NULL,NULL),(206,'0','undefined',NULL,47,'2015-11-17 19:35:53','2015-11-17 19:35:53',NULL,NULL,NULL,NULL,NULL),(209,'5 000','undefined',NULL,47,'2015-11-17 19:36:16','2015-11-17 19:36:16',NULL,NULL,NULL,NULL,NULL),(210,'10 000','undefined',NULL,47,'2015-11-17 19:36:21','2015-11-17 19:36:21',NULL,NULL,NULL,NULL,NULL),(211,'15 000','undefined',NULL,47,'2015-11-17 19:36:27','2015-11-17 19:36:27',NULL,NULL,NULL,NULL,NULL),(212,'20 000','undefined',NULL,47,'2015-11-17 19:36:34','2015-11-17 19:36:34',NULL,NULL,NULL,NULL,NULL),(213,'25 000','undefined',NULL,47,'2015-11-17 19:36:42','2015-11-17 19:36:42',NULL,NULL,NULL,NULL,NULL),(214,'30 000','undefined',NULL,47,'2015-11-17 19:36:48','2015-11-17 19:36:48',NULL,NULL,NULL,NULL,NULL),(215,'35 000','undefined',NULL,47,'2015-11-17 19:36:51','2015-11-17 19:36:51',NULL,NULL,NULL,NULL,NULL),(216,'40 000','undefined',NULL,47,'2015-11-17 19:36:56','2015-11-17 19:36:56',NULL,NULL,NULL,NULL,NULL),(217,'45 000','undefined',NULL,47,'2015-11-17 19:37:05','2015-11-17 19:37:05',NULL,NULL,NULL,NULL,NULL),(218,'50 000','undefined',NULL,47,'2015-11-17 19:37:14','2015-11-17 19:37:14',NULL,NULL,NULL,NULL,NULL),(219,'55 000','undefined',NULL,47,'2015-11-17 19:37:19','2015-11-17 19:37:19',NULL,NULL,NULL,NULL,NULL),(220,'60 000','undefined',NULL,47,'2015-11-17 19:37:25','2015-11-17 19:37:25',NULL,NULL,NULL,NULL,NULL),(221,'65 000','undefined',NULL,47,'2015-11-17 19:37:34','2015-11-17 19:37:34',NULL,NULL,NULL,NULL,NULL),(222,'70 000','undefined',NULL,47,'2015-11-17 19:37:39','2015-11-17 19:37:39',NULL,NULL,NULL,NULL,NULL);
/*!40000 ALTER TABLE `prop_vals` ENABLE KEYS */;
UNLOCK TABLES;

--
-- Table structure for table `properties`
--

DROP TABLE IF EXISTS `properties`;
/*!40101 SET @saved_cs_client     = @@character_set_client */;
/*!40101 SET character_set_client = utf8 */;
CREATE TABLE `properties` (
  `id` int(11) NOT NULL AUTO_INCREMENT,
  `name` varchar(255) COLLATE utf8_unicode_ci DEFAULT NULL,
  `type_value` int(11) DEFAULT NULL,
  `group_id` int(11) DEFAULT NULL,
  `created_at` datetime NOT NULL,
  `updated_at` datetime NOT NULL,
  PRIMARY KEY (`id`),
  KEY `index_properties_on_group_id` (`group_id`)
) ENGINE=InnoDB AUTO_INCREMENT=66 DEFAULT CHARSET=utf8 COLLATE=utf8_unicode_ci;
/*!40101 SET character_set_client = @saved_cs_client */;

--
-- Dumping data for table `properties`
--

LOCK TABLES `properties` WRITE;
/*!40000 ALTER TABLE `properties` DISABLE KEYS */;
INSERT INTO `properties` VALUES (40,'state',3,13,'2015-10-13 16:22:23','2015-10-14 20:43:45'),(41,'year',1,13,'2015-10-13 16:23:51','2015-11-21 14:35:42'),(42,'body',4,13,'2015-10-13 16:24:08','2015-10-14 20:44:10'),(43,'color',4,13,'2015-10-13 16:26:54','2015-11-01 11:09:51'),(44,'mark',10,13,'2015-10-13 16:33:53','2015-10-23 08:26:10'),(47,'mileage',1,13,'2015-10-13 18:24:48','2015-11-21 13:22:27'),(48,'transmission',4,13,'2015-10-13 18:25:10','2015-10-14 21:41:49'),(49,'fuel_type',4,13,'2015-10-13 18:26:14','2015-10-14 21:41:55'),(50,'power',1,13,'2015-10-13 18:27:34','2015-10-14 21:42:00'),(51,'drive',4,13,'2015-10-13 18:27:51','2015-10-14 21:42:06'),(52,'number_of_doors',4,13,'2015-10-13 18:28:49','2015-10-14 21:42:11'),(53,'accident',4,13,'2015-10-13 18:29:48','2015-10-14 21:42:17'),(54,'requires_repair',4,13,'2015-10-13 18:30:21','2015-10-14 21:42:21'),(55,'additional',2,13,'2015-10-13 18:31:07','2015-10-14 20:50:59'),(56,'volume',1,13,'2015-10-14 20:59:25','2015-10-14 21:42:34'),(57,'country',10,13,'2015-10-14 21:08:29','2015-11-20 14:23:34'),(58,'partic_filter',14,NULL,'2015-10-20 12:40:35','2015-10-20 12:47:15'),(59,'number_of_seats',1,NULL,'2015-10-20 15:23:36','2015-10-20 15:23:36'),(60,'metalik',14,NULL,'2015-10-20 15:45:49','2015-10-20 15:45:49'),(61,'pearl',14,NULL,'2015-10-20 15:47:58','2015-10-20 15:47:58'),(62,'unpolished',14,NULL,'2015-10-20 15:48:51','2015-10-20 15:48:51'),(63,'akryl',14,NULL,'2015-10-20 15:50:23','2015-10-20 15:50:23'),(64,'wheel',14,NULL,'2015-10-20 15:51:19','2015-10-20 15:51:19'),(65,'seller',2,NULL,'2015-11-17 11:10:37','2015-11-17 11:10:37');
/*!40000 ALTER TABLE `properties` ENABLE KEYS */;
UNLOCK TABLES;

--
-- Table structure for table `schema_migrations`
--

DROP TABLE IF EXISTS `schema_migrations`;
/*!40101 SET @saved_cs_client     = @@character_set_client */;
/*!40101 SET character_set_client = utf8 */;
CREATE TABLE `schema_migrations` (
  `version` varchar(255) COLLATE utf8_unicode_ci NOT NULL,
  UNIQUE KEY `unique_schema_migrations` (`version`)
) ENGINE=InnoDB DEFAULT CHARSET=utf8 COLLATE=utf8_unicode_ci;
/*!40101 SET character_set_client = @saved_cs_client */;

--
-- Dumping data for table `schema_migrations`
--

LOCK TABLES `schema_migrations` WRITE;
/*!40000 ALTER TABLE `schema_migrations` DISABLE KEYS */;
INSERT INTO `schema_migrations` VALUES ('20150917001505'),('20150917002012'),('20150917002634'),('20150917003622'),('20150917013226'),('20150924113455'),('20151004111827'),('20151004112637'),('20151004113225'),('20151005023416'),('20151005032533'),('20151006172907'),('20151007093803'),('20151007094152'),('20151007113439'),('20151007113619'),('20151007113630'),('20151007123904'),('20151007153823'),('20151012132836'),('20151012133823'),('20151017065925'),('20151017074541'),('20151027135836'),('20151029091027'),('20151120132007');
/*!40000 ALTER TABLE `schema_migrations` ENABLE KEYS */;
UNLOCK TABLES;

--
-- Table structure for table `service_adverts`
--

DROP TABLE IF EXISTS `service_adverts`;
/*!40101 SET @saved_cs_client     = @@character_set_client */;
/*!40101 SET character_set_client = utf8 */;
CREATE TABLE `service_adverts` (
  `id` int(11) NOT NULL AUTO_INCREMENT,
  `service_id` int(11) DEFAULT NULL,
  `advert_id` int(11) DEFAULT NULL,
  `created_at` datetime NOT NULL,
  `updated_at` datetime NOT NULL,
  PRIMARY KEY (`id`),
  KEY `index_service_adverts_on_service_id` (`service_id`),
  KEY `index_service_adverts_on_advert_id` (`advert_id`)
) ENGINE=InnoDB AUTO_INCREMENT=7 DEFAULT CHARSET=utf8 COLLATE=utf8_unicode_ci;
/*!40101 SET character_set_client = @saved_cs_client */;

--
-- Dumping data for table `service_adverts`
--

LOCK TABLES `service_adverts` WRITE;
/*!40000 ALTER TABLE `service_adverts` DISABLE KEYS */;
INSERT INTO `service_adverts` VALUES (1,11,28,'2015-10-07 16:54:22','2015-10-07 16:54:22'),(2,11,27,'2015-10-07 17:30:07','2015-10-07 17:30:07'),(3,11,29,'2015-10-07 17:36:50','2015-10-07 17:36:50'),(4,11,30,'2015-10-07 18:20:06','2015-10-07 18:20:06'),(5,11,31,'2015-10-07 18:20:18','2015-10-07 18:20:18'),(6,11,33,'2015-10-07 19:16:39','2015-10-07 19:16:39');
/*!40000 ALTER TABLE `service_adverts` ENABLE KEYS */;
UNLOCK TABLES;

--
-- Table structure for table `service_users`
--

DROP TABLE IF EXISTS `service_users`;
/*!40101 SET @saved_cs_client     = @@character_set_client */;
/*!40101 SET character_set_client = utf8 */;
CREATE TABLE `service_users` (
  `id` int(11) NOT NULL AUTO_INCREMENT,
  `service_id` int(11) DEFAULT NULL,
  `user_id` int(11) DEFAULT NULL,
  `created_at` datetime NOT NULL,
  `updated_at` datetime NOT NULL,
  PRIMARY KEY (`id`),
  KEY `index_service_users_on_service_id` (`service_id`),
  KEY `index_service_users_on_user_id` (`user_id`)
) ENGINE=InnoDB AUTO_INCREMENT=16 DEFAULT CHARSET=utf8 COLLATE=utf8_unicode_ci;
/*!40101 SET character_set_client = @saved_cs_client */;

--
-- Dumping data for table `service_users`
--

LOCK TABLES `service_users` WRITE;
/*!40000 ALTER TABLE `service_users` DISABLE KEYS */;
INSERT INTO `service_users` VALUES (1,13,12,'2015-10-07 18:18:47','2015-10-07 18:18:47'),(2,12,12,'2015-10-07 18:44:07','2015-10-07 18:44:07'),(3,13,13,'2015-10-07 19:13:15','2015-10-07 19:13:15'),(4,12,13,'2015-10-07 19:31:43','2015-10-07 19:31:43'),(5,13,NULL,'2015-10-26 08:13:17','2015-10-26 08:13:17'),(6,13,NULL,'2015-10-26 08:15:32','2015-10-26 08:15:32'),(7,13,NULL,'2015-10-26 08:15:52','2015-10-26 08:15:52'),(8,13,NULL,'2015-10-26 08:16:27','2015-10-26 08:16:27'),(9,13,NULL,'2015-10-26 08:16:32','2015-10-26 08:16:32'),(10,13,NULL,'2015-10-26 08:16:44','2015-10-26 08:16:44'),(11,13,NULL,'2015-10-26 08:16:49','2015-10-26 08:16:49'),(12,13,NULL,'2015-10-26 08:16:50','2015-10-26 08:16:50'),(13,13,NULL,'2015-10-26 08:16:52','2015-10-26 08:16:52'),(14,13,NULL,'2015-10-26 08:16:55','2015-10-26 08:16:55'),(15,13,14,'2015-10-26 08:17:31','2015-10-26 08:17:31');
/*!40000 ALTER TABLE `service_users` ENABLE KEYS */;
UNLOCK TABLES;

--
-- Table structure for table `services`
--

DROP TABLE IF EXISTS `services`;
/*!40101 SET @saved_cs_client     = @@character_set_client */;
/*!40101 SET character_set_client = utf8 */;
CREATE TABLE `services` (
  `id` int(11) NOT NULL AUTO_INCREMENT,
  `name` varchar(255) COLLATE utf8_unicode_ci DEFAULT NULL,
  `price` int(11) DEFAULT NULL,
  `duration` int(11) DEFAULT NULL,
  `s_type` int(11) DEFAULT NULL,
  `created_at` datetime NOT NULL,
  `updated_at` datetime NOT NULL,
  `currency` varchar(255) COLLATE utf8_unicode_ci DEFAULT NULL,
  `desc` text COLLATE utf8_unicode_ci,
  `count` int(11) DEFAULT NULL,
  PRIMARY KEY (`id`)
) ENGINE=InnoDB AUTO_INCREMENT=15 DEFAULT CHARSET=utf8 COLLATE=utf8_unicode_ci;
/*!40101 SET character_set_client = @saved_cs_client */;

--
-- Dumping data for table `services`
--

LOCK TABLES `services` WRITE;
/*!40000 ALTER TABLE `services` DISABLE KEYS */;
INSERT INTO `services` VALUES (11,'Поднять в топ',100,302400,2,'2015-10-07 15:37:44','2015-10-07 15:41:32','1','Поднимет ваше объявление в топ',NULL),(12,'Добавить 5 объявлений',100,602800,1,'2015-10-07 15:42:19','2015-10-07 15:47:04','1','Этот пакет добавит 5 объявлений на месяц',NULL),(13,'Базовый',0,302400,1,'2015-10-07 17:53:39','2015-10-07 17:53:39','1',NULL,NULL),(14,'Новый',100,1209600,1,'2015-10-07 19:12:46','2015-10-07 19:12:46','2',NULL,NULL);
/*!40000 ALTER TABLE `services` ENABLE KEYS */;
UNLOCK TABLES;

--
-- Table structure for table `users`
--

DROP TABLE IF EXISTS `users`;
/*!40101 SET @saved_cs_client     = @@character_set_client */;
/*!40101 SET character_set_client = utf8 */;
CREATE TABLE `users` (
  `id` int(11) NOT NULL AUTO_INCREMENT,
  `email` varchar(255) COLLATE utf8_unicode_ci NOT NULL DEFAULT '',
  `encrypted_password` varchar(255) COLLATE utf8_unicode_ci NOT NULL DEFAULT '',
  `reset_password_token` varchar(255) COLLATE utf8_unicode_ci DEFAULT NULL,
  `reset_password_sent_at` datetime DEFAULT NULL,
  `remember_created_at` datetime DEFAULT NULL,
  `sign_in_count` int(11) NOT NULL DEFAULT '0',
  `current_sign_in_at` datetime DEFAULT NULL,
  `last_sign_in_at` datetime DEFAULT NULL,
  `current_sign_in_ip` varchar(255) COLLATE utf8_unicode_ci DEFAULT NULL,
  `last_sign_in_ip` varchar(255) COLLATE utf8_unicode_ci DEFAULT NULL,
  `created_at` datetime NOT NULL,
  `updated_at` datetime NOT NULL,
  `user_type` int(11) DEFAULT NULL,
  `token` varchar(255) COLLATE utf8_unicode_ci DEFAULT NULL,
  PRIMARY KEY (`id`),
  UNIQUE KEY `index_users_on_email` (`email`),
  UNIQUE KEY `index_users_on_reset_password_token` (`reset_password_token`)
) ENGINE=InnoDB AUTO_INCREMENT=15 DEFAULT CHARSET=utf8 COLLATE=utf8_unicode_ci;
/*!40101 SET character_set_client = @saved_cs_client */;

--
-- Dumping data for table `users`
--

LOCK TABLES `users` WRITE;
/*!40000 ALTER TABLE `users` DISABLE KEYS */;
INSERT INTO `users` VALUES (1,'jabraill@mail.ru','$2a$10$nOtltOgPiGYno1AwWKygAO1a3D8c3HkwCZjUB51UHPrM5sZxcavdO',NULL,NULL,NULL,33,'2015-11-21 14:15:04','2015-11-01 10:23:58','::1','::1','2015-10-06 16:52:20','2015-11-21 14:15:04',NULL,NULL),(2,'1111@11.ru','$2a$10$LAh/yUzEltg1NVA6v8IKK.O6P.66sQInLvPfHBb6auSMkaaKkw90.',NULL,NULL,NULL,1,'2015-10-06 19:55:31','2015-10-06 19:55:31','::1','::1','2015-10-06 19:55:31','2015-10-06 19:55:31',NULL,NULL),(3,'222@22.w','$2a$10$oRkGadgs5UyjOeE3czdpD.eQAvpQEAqa/gRkdyuCJvjy1FizyADYW',NULL,NULL,NULL,1,'2015-10-06 20:06:02','2015-10-06 20:06:02','::1','::1','2015-10-06 20:06:02','2015-10-06 20:06:02',NULL,NULL),(4,'33@33.eq','$2a$10$TRDsQPJyKdHZx1cRIKZTi.1IVjFWjizdHzTHrO4gsoqYD0BU2WDl6',NULL,NULL,NULL,1,'2015-10-06 20:08:20','2015-10-06 20:08:20','::1','::1','2015-10-06 20:08:20','2015-10-06 20:08:20',NULL,NULL),(5,'33@11.r','$2a$10$1XircdXO.oTgVmKDb8JQSeWB.hvBFABT8hfTGT7YBwA8uHM0Jd3Ma',NULL,NULL,NULL,1,'2015-10-06 20:10:33','2015-10-06 20:10:33','::1','::1','2015-10-06 20:10:33','2015-10-06 20:10:33',NULL,NULL),(6,'ww@22.y','$2a$10$sM9r6OCjNdx58b7stSJ7HeLDl2IzqSaNPyu8DWNcA5r.WgRIJCAwu',NULL,NULL,NULL,1,'2015-10-06 20:14:32','2015-10-06 20:14:32','::1','::1','2015-10-06 20:14:32','2015-10-06 20:14:32',NULL,NULL),(7,'dww@22.y','$2a$10$EB85SN8xdWGCoJu0Yhn1D.80kd6AEqfkAPHfC2M.0xtB1eQa6JiCK',NULL,NULL,NULL,1,'2015-10-06 20:15:37','2015-10-06 20:15:37','::1','::1','2015-10-06 20:15:37','2015-10-06 20:15:37',1,NULL),(8,'222@12.tr','$2a$10$CHMozky/FzKIPEPUuRNI5uDXl9X4Avedw0hmoljholLbvDNjlLzYy',NULL,NULL,NULL,1,'2015-10-06 20:21:36','2015-10-06 20:21:36','::1','::1','2015-10-06 20:21:36','2015-10-06 20:21:36',1,NULL),(9,'22@dsf.te','$2a$10$4s1JMGnH0ub9jYt7.eYgauq5DwQswnXJvlHaBpwxiGmQCoULILbvK',NULL,NULL,NULL,1,'2015-10-06 21:08:44','2015-10-06 21:08:44','::1','::1','2015-10-06 21:08:44','2015-10-06 21:08:44',1,NULL),(10,'22@qq.re','$2a$10$iJlhM7i55MoU4W7YMqlg1.0m3.QmcZ.zm.m.5DmpdUNTjVidu6fcK',NULL,NULL,NULL,1,'2015-10-06 21:09:34','2015-10-06 21:09:34','::1','::1','2015-10-06 21:09:34','2015-10-06 21:09:34',2,NULL),(11,'sad@wsa.ew','$2a$10$cVAuUS.lLsmW26ERfxsl.uLGTkoiwnrtC5sS1DL8o299z1KKx5fTG',NULL,NULL,NULL,1,'2015-10-07 09:45:17','2015-10-07 09:45:17','::1','::1','2015-10-07 09:45:17','2015-10-07 09:45:17',1,'QmRZAzcZ-8n6ZAgcD4nq3g'),(12,'111@11.11','$2a$10$i24ghqU7kkCVuU8ISViPj.T4tyebfNzunpqywHlAI9./6TqPwxVnS',NULL,NULL,NULL,1,'2015-10-07 18:18:47','2015-10-07 18:18:47','::1','::1','2015-10-07 18:18:47','2015-10-07 18:18:47',1,'Ul2N0-THPNQXzWb6QOROCg'),(13,'222@23.ww','$2a$10$1S45QhaumTA4AYPiEtf.M.P3GU2guZmTa4/i6YwVYMUyp3SgAx1Eu',NULL,NULL,NULL,1,'2015-10-07 19:13:15','2015-10-07 19:13:15','::1','::1','2015-10-07 19:13:15','2015-10-07 19:13:15',1,'Byarjxrqxm3H6xYUoUfeZA'),(14,'rewrw@dsfs.ru','$2a$10$s/w.L19jkydKfAyVkRkuF.XovLFVAUJeTZQv37fqe6OFFopNys1Ie',NULL,NULL,NULL,1,'2015-10-26 08:17:31','2015-10-26 08:17:31','::1','::1','2015-10-26 08:17:31','2015-10-26 08:17:31',2,'Je1NVIAc5fN94E3rEr18wg');
/*!40000 ALTER TABLE `users` ENABLE KEYS */;
UNLOCK TABLES;
/*!40103 SET TIME_ZONE=@OLD_TIME_ZONE */;

/*!40101 SET SQL_MODE=@OLD_SQL_MODE */;
/*!40014 SET FOREIGN_KEY_CHECKS=@OLD_FOREIGN_KEY_CHECKS */;
/*!40014 SET UNIQUE_CHECKS=@OLD_UNIQUE_CHECKS */;
/*!40101 SET CHARACTER_SET_CLIENT=@OLD_CHARACTER_SET_CLIENT */;
/*!40101 SET CHARACTER_SET_RESULTS=@OLD_CHARACTER_SET_RESULTS */;
/*!40101 SET COLLATION_CONNECTION=@OLD_COLLATION_CONNECTION */;
/*!40111 SET SQL_NOTES=@OLD_SQL_NOTES */;

-- Dump completed on 2015-11-26 11:16:24
